celebrity_name,ballroom_partner,celebrity_industry,celebrity_homestate,celebrity_homecountry/region,celebrity_age_during_season,season,placement,elimination_week,relative_progress,placement_percentile,eliminated_in_multi_week,n_eliminated_same_week,is_finalist,n_zero_eliminate_weeks_experienced,n_multi_eliminate_weeks_experienced,avg_judge_score,std_judge_score,max_judge_score,score_trend,score_improvement,avg_judge_disagreement,performance_consistency
John O'Hurley,Charlotte Jorgensen,Actor/Actress,Maine,United States,50,1,2,6,1,0.8333,0,0,1,1,0,0.467944627,0.840450113,1.575758006,-0.179518287,-0.872393793,0.286180246,0.756037729
Kelly Monaco,Alec Mazo,Actor/Actress,Pennsylvania,United States,29,1,1,6,1,1,0,0,1,1,0,-0.290499367,1.125434633,1.212678125,0.34841001,2.017590461,0.750765051,0.913713023
Evander Holyfield,Edyta Sliwinska,Athlete,Alabama,United States,42,1,5,3,0.5,0.3333,0,1,0,1,0,-1.058625808,0.956940207,0.973417168,-0.819666119,-1.639332238,0.450082355,0.878007437
Rachel Hunter,Jonathan Roberts,Model,,New Zealand,35,1,4,4,0.6667,0.5,0,1,0,1,0,0.777492433,0.562225528,1.206045378,0.002865882,-0.026835479,0.393358027,0.191545983
Joey McIntyre,Ashly DelGrosso,Singer/Rapper,Massachusetts,United States,32,1,3,5,0.8333,0.6667,0,1,0,1,0,-0.134494436,0.846789494,0.973417168,-0.386738218,-1.385341269,0.476011737,0.663238072
Trista Sutter,Louis van Amstel,TV Personality,Indiana,United States,32,1,6,2,0.3333,0.1667,0,1,0,1,0,-0.163145844,0.27796609,0.192165611,-0.211772021,-0.211772021,0.079763663,0.149745432
Tatum O'Neal,Nick Kosovich,Actor/Actress,California,United States,42,2,9,2,0.25,0.2,0,1,0,0,0,-0.216647213,1.187575438,1.047645444,-2.062965117,-2.062965117,0.166984875,1.458736623
Tia Carrere,Maksim Chmerkoskiy,Actor/Actress,Hawaii,United States,39,2,6,5,0.625,0.5,0,1,0,0,0,0.023066109,0.711780133,0.945905303,-0.189850405,-1.163908957,0.176566457,0.666281275
George Hamilton,Edyta Sliwinska,Actor/Actress,Tennessee,United States,66,2,5,6,0.75,0.6,0,1,0,0,0,-0.38370827,0.500935073,0.424895241,-0.138488869,-0.754435663,0.18162245,0.372955914
Lisa Rinna,Louis van Amstel,Actor/Actress,California,United States,42,2,4,7,0.875,0.7,0,1,0,0,0,0.117778104,0.627154845,0.945905303,0.09288585,0.616405049,0.336491371,0.401483246
Stacy Keibler,Tony Dovolani,Athlete,Maryland,United States,26,2,3,8,1,0.8,0,0,1,0,0,0.93648185,0.547840808,1.858916681,-0.046998342,-0.076948048,0.156571795,0.457624869
Jerry Rice,Anna Trebunskaya,Athlete,Mississippi,United States,43,2,2,8,1,0.9,0,0,1,0,0,-0.609804181,0.809233318,0.424895241,-0.269579397,-1.662397682,0.161146764,0.771004253
Giselle Fernandez,Jonathan Roberts,News Anchor,,Mexico,44,2,8,3,0.375,0.3,0,1,0,0,0,0.35760204,0.510951692,1.047645444,-0.490879905,-0.981759811,0.103736146,0.494327182
Master P,Ashly DelGrosso,Singer/Rapper,Louisiana,United States,35,2,7,4,0.5,0.4,0,1,0,0,0,-1.859468233,0.527411629,-1.009126198,-0.199372679,-0.511136014,0.263437089,0.325285615
Drew Lachey,Cheryl Burke,Singer/Rapper,Ohio,United States,29,2,1,8,1,1,0,0,1,0,0,0.887492155,0.215950479,1.150735403,-0.047597082,-0.239540109,0.019415197,0.190482202
Kenny Mayne,Andrea Hale,Sports Broadcaster,Washington,United States,46,2,10,1,0.125,0.1,0,1,0,0,0,-1.513265641,0.403238919,-1.047645444,0,0,0.162601626,0
Harry Hamlin,Ashly DelGrosso,Actor/Actress,California,United States,54,3,9,3,0.3,0.2727,0,1,0,0,0,-0.504740899,0.376467451,0.327326835,0.100094276,0.200188552,0.16101641,0.167194236
Vivica A. Fox,Nick Kosovich,Actor/Actress,Indiana,United States,42,3,8,4,0.4,0.3636,0,1,0,0,0,0.506145053,0.679138906,1.309307341,-0.166174578,-0.880454296,0.161620659,0.648122152
Monique Coleman,Louis van Amstel,Actor/Actress,South Carolina,United States,25,3,4,8,0.8,0.7273,0,1,0,1,1,0.435517539,0.745258745,1.318760947,-0.075687167,-0.095697836,0.221734041,0.672367541
Joey Lawrence,Edyta Sliwinska,Actor/Actress,Pennsylvania,United States,30,3,3,9,0.9,0.8182,0,1,0,1,1,0.321946267,1.027924329,2.307831657,-0.10140296,-0.400911695,0.665247814,0.793194234
Mario Lopez,Karina Smirnoff,Actor/Actress,California,United States,32,3,2,10,1,0.9091,0,0,1,1,1,0.548133202,1.033833835,2.04264872,-0.030245888,-1.561445548,0.720417989,0.758444127
Emmitt Smith,Cheryl Burke,Athlete,Florida,United States,37,3,1,10,1,1,0,0,1,1,1,0.155602624,0.899952153,1.328422328,-0.019679196,-1.097232007,0.499407027,0.709545407
Shanna Moakler,Jesse DeSoto,Model,Rhode Island,United States,31,3,10,2,0.2,0.1818,0,1,0,0,0,-0.312549427,0.569852737,0.400911695,-0.034281619,-0.034281619,0.405474467,0.024240766
Willa Ford,Maksim Chmerkoskiy,Singer/Rapper,Florida,United States,25,3,7,5,0.5,0.4545,1,2,0,0,0,0.43247562,0.669994953,1.732050808,0.137511408,0.151446075,0.22713336,0.578300075
Sara Evans,Tony Dovolani,Singer/Rapper,Missouri,United States,35,3,6,5,0.5,0.5455,1,2,0,0,0,-0.767660839,0.855209195,1.309307341,-0.147376501,-0.283025949,0.129591837,0.863299889
Jerry Springer,Kym Johnson,TV Personality,,England,62,3,5,7,0.7,0.6364,0,1,0,1,1,-1.167183309,0.555655545,-0.24743583,-0.142335579,-1.011607612,0.227617075,0.407459791
Tucker Carlson,Elena Grinenko,TV Personality,California,United States,37,3,11,1,0.1,0.0909,0,1,0,0,0,-1.688049241,0.696320312,-0.991728929,0,0,0.484861977,0
John Ratzenberger,Edyta Sliwinska,Actor/Actress,Connecticut,United States,59,4,6,7,0.7,0.5455,0,1,0,1,0,-0.840182991,0.483167719,-0.214731251,-0.111110873,-0.327416893,0.158442465,0.368994609
Ian Ziering,Cheryl Burke,Actor/Actress,New Jersey,United States,42,4,4,9,0.9,0.7273,0,1,0,1,0,0.138849244,0.724660794,1.265496869,-0.155296262,-1.633285608,0.296857125,0.588431413
Clyde Drexler,Elena Grinenko,Athlete,Louisiana,United States,44,4,8,5,0.5,0.3636,0,1,0,1,0,-1.523068667,0.646191439,-0.214731251,-0.135936725,-0.824401238,0.246565309,0.530741162
Laila Ali,Maksim Chmerkoskiy,Athlete,Florida,United States,29,4,3,10,1,0.8182,0,0,1,1,0,0.622202784,0.848065352,1.773185283,-0.111381162,-1.827236612,0.287732964,0.74790005
Apolo Anton Ohno,Julianne Hough,Athlete,Washington,United States,24,4,1,10,1,1,0,0,1,1,0,0.801727087,0.717665552,1.773185283,-0.062852607,0.036109804,0.396195859,0.509624202
Shandi Finnessey,Brian Fortuna,Beauty Pagent,Missouri,United States,28,4,10,3,0.3,0.1818,0,1,0,1,0,-0.361438743,0.579209273,0.671035159,-0.196435872,-0.392871743,0.227873467,0.468441788
Paulina Porizkova,Alec Mazo,Model,,Czechoslovakia,41,4,11,2,0.2,0.0909,0,1,0,1,0,-0.19843591,0.444964555,0.671035159,-0.557920257,-0.557920257,0.130763689,0.394509197
Heather Mills,Jonathan Roberts,Model,,England,39,4,7,6,0.6,0.4545,0,1,0,1,0,0.190756502,0.528333764,0.85895569,-0.106525627,-0.157691399,0.065042135,0.514121646
Billy Ray Cyrus,Karina Smirnoff,Singer/Rapper,Kentucky,United States,45,4,5,8,0.8,0.6364,0,1,0,1,0,-0.971386613,0.674423408,-0.023877299,-0.106698883,0.020872282,0.058237807,0.673642358
Joey Fatone,Kym Johnson,Singer/Rapper,New York,United States,30,4,2,10,1,0.9091,0,0,1,1,0,0.793271809,0.52854676,1.910183954,-0.109617217,-1.698256018,0.088284427,0.484416416
Leeza Gibbons,Tony Dovolani,TV Personality,South Carolina,United States,50,4,9,4,0.4,0.2727,0,1,0,1,0,-0.454323446,0.850119806,0.85895569,0.134277739,0.002141888,0.03463512,0.923318867
Cameron Mathison,Edyta Sliwinska,Actor/Actress,,Canada,38,5,5,8,0.8,0.6667,0,1,0,0,0,-0.134167822,0.435309029,0.694601169,-0.044331196,-0.322712957,0.121524065,0.339044584
Jane Seymour,Tony Dovolani,Actor/Actress,,England,56,5,6,7,0.7,0.5833,0,1,0,0,0,-0.040517344,0.932305314,0.957136658,-0.301485717,-1.882121109,0.269457981,0.869592888
Sabrina Bryan,Mark Ballas,Actor/Actress,California,United States,23,5,7,6,0.6,0.5,0,1,0,0,0,1.028785935,0.747208684,1.906519817,-0.268668347,-1.814430915,0.219062945,0.676397248
Jennie Garth,Derek Hough,Actor/Actress,Illinois,United States,35,5,4,9,0.9,0.75,0,1,0,0,0,0.075054013,0.809194481,2.5,-0.039735964,-0.115921292,0.667766584,0.456658603
Floyd Mayweather Jr. ,Karina Smirnoff,Athlete,Michigan,United States,30,5,9,4,0.4,0.3333,0,1,0,0,0,-0.854451072,0.503644808,-0.193847071,-0.068719493,0.004781302,0.1125,0.458286546
Josie Maran,Alec Mazo,Model,California,United States,29,5,12,1,0.1,0.0833,0,1,0,0,0,-1.849608778,0.59143687,-1.166676306,0,0,0.349797571,0
Albert Reed,Anna Trebunskaya,Model,Florida,United States,22,5,11,2,0.2,0.1667,0,1,0,0,0,-0.168062335,0.028245764,-0.142277598,-0.051569473,-0.051569473,0,0.036465124
Helio Castroneves,Julianne Hough,Racing Driver,,Brazil,32,5,1,10,1,1,0,0,1,0,0,0.612830278,0.753025592,1.906519817,-0.030367636,-0.609344286,0.194189945,0.682060599
Mel B,Maksim Chmerkoskiy,Singer/Rapper,,England,32,5,2,10,1,0.9167,0,0,1,0,0,0.860780869,0.513575647,1.675214585,0.027823274,-0.136265819,0.135425217,0.427764822
Wayne Newton,Cheryl Burke,Singer/Rapper,Virginia,United States,65,5,10,3,0.3,0.25,0,1,0,0,0,-1.556135096,0.628854806,-0.142277598,-0.498218558,-0.996437117,0.11659919,0.640842127
Marie Osmond,Jonathan Roberts,Singer/Rapper,Utah,United States,47,5,3,10,1,0.8333,0,0,1,0,0,-0.468547237,0.903545722,1,-0.201160232,-1.217820751,0.302198207,0.808095317
Mark Cuban,Kym Johnson,TV Personality,Pennsylvania,United States,49,5,8,5,0.5,0.4167,0,1,0,0,0,-1.053986763,0.592406768,-0.142277598,-0.269019192,-1.124348064,0.147197331,0.535511251
Cristian de la Fuente,Cheryl Burke,Actor/Actress,,Chile,34,6,3,10,1,0.8333,0,0,1,1,1,-0.034857521,0.950750247,1.986366576,-0.062074925,-1.376081691,0.358592342,0.839797332
Steve Guttenberg,Anna Trebunskaya,Actor/Actress,New York,United States,49,6,10,3,0.3,0.25,0,1,0,1,1,-0.854265862,0.402207052,-0.59735098,-0.028651346,-0.057302691,0.05856039,0.39640084
Priscilla Presley,Louis van Amstel,Actor/Actress,New York,United States,62,6,8,5,0.5,0.4167,0,1,0,1,1,-0.008975756,1.042104768,1.527525232,-0.523123885,-2.233021834,0.129365079,1.076649977
Marlee Matlin,Fabian Sanchez,Actor/Actress,Illinois,United States,42,6,7,6,0.6,0.5,0,1,0,1,1,-0.397224828,0.84571815,0.995584967,-0.420388506,-2.110496723,0.097742291,0.855809898
Shannon Elizabeth,Derek Hough,Actor/Actress,Texas,United States,34,6,6,7,0.7,0.5833,0,1,0,1,1,0.122932761,0.592470169,1.443375673,-0.157982305,-0.336477557,0.089285714,0.566196767
Marissa Jaret Winokur,Tony Dovolani,Actor/Actress,New York,United States,35,6,4,9,0.9,0.75,0,1,0,1,1,-0.500949415,0.657068649,0.68680282,-0.027624857,-0.579345831,0.191354414,0.569387097
Jason Taylor,Edyta Sliwinska,Athlete,Pennsylvania,United States,33,6,2,10,1,0.9167,0,0,1,1,1,0.404979401,0.802315986,1.510966203,-0.100254887,-0.283534826,0.33124345,0.667853063
Kristi Yamaguchi,Mark Ballas,Athlete,California,United States,36,6,1,10,1,1,0,0,1,1,1,1.186136198,0.72906409,1.961161351,-0.108244785,-0.796159735,0.513430776,0.436564172
Monica Seles,Jonathan Roberts,Athlete,,Yugoslavia,34,6,11,2,0.2,0.1667,1,2,0,1,0,-1.473302216,0.087069551,-1.393818954,-0.158966524,-0.158966524,3.70E-32,0.112406307
Penn Jillette,Kym Johnson,Magician,Massachusetts,United States,53,6,12,2,0.2,0.0833,1,2,0,1,0,-1.098565012,0.394863375,-0.59735098,0.059529235,0.059529235,0.193567458,0.042093526
Adam Carolla,Julianne Hough,Radio Personality,California,United States,43,6,9,4,0.4,0.3333,0,1,0,1,1,-1.091334686,0.579902856,-0.100830226,-0.108453392,-0.338231853,0.106420293,0.56251402
Mario,Karina Smirnoff,Singer/Rapper,Maryland,United States,21,6,5,8,0.8,0.6667,0,1,0,1,1,0.323191647,0.822360205,1.496264004,-0.101353797,-1.11597082,0.344196017,0.691692844
Ted McGinley,Inna Brayer,Actor/Actress,California,United States,50,7,12,1,0.1,0.1538,1,2,0,0,0,-0.273926014,0.268169524,0.03572948,0,0,0.071914894,0
Cloris Leachman,Corky Ballas,Actor/Actress,Iowa,United States,82,7,7,6,0.6,0.5385,0,1,0,1,2,-1.285040854,0.703601653,0.524637303,-0.033453107,-0.926320188,0.157640676,0.659507481
Susan Lucci,Tony Dovolani,Actor/Actress,New York,United States,61,7,6,7,0.7,0.6154,0,1,0,1,2,-0.089815395,0.458283725,0.524637303,-0.019998824,0.117752252,0.077260552,0.416255245
Cody Linley,Julianne Hough,Actor/Actress,Texas,United States,18,7,4,9,0.9,0.7692,0,1,0,1,2,-0.101599883,0.724239387,1.716857086,-0.158295952,-1.303226463,0.153517024,0.673123425
Misty May-Treanor,Maksim Chmerkoskiy,Athlete,California,United States,31,7,10,2,0.2,0.3077,1,2,0,0,1,0.397292563,0.314656865,0.964695961,-0.205840316,-0.205840316,0.10787234,0.145551083
Maurice Greene,Cheryl Burke,Athlete,Kansas,United States,34,7,5,8,0.8,0.6923,0,1,0,1,2,-0.123366961,0.661591892,0.801199973,-0.054566274,-0.826298895,0.125375807,0.61956879
Warren Sapp,Kym Johnson,Athlete,Florida,United States,35,7,2,10,1,0.9231,0,0,1,1,2,0.21551753,0.840283156,1.58113883,-0.140075102,-1.290041103,0.209937317,0.788670789
Jeffrey Ross,Edyta Sliwinska,Comedian,New Jersey,United States,43,7,13,1,0.1,0.0769,1,2,0,0,0,-2.286686723,0,-2.286686723,0,0,0,0
Toni Braxton,Alec Mazo,Singer/Rapper,Maryland,United States,40,7,8,5,0.5,0.4615,0,1,0,1,2,0.189429365,0.826068264,1.429179202,-0.452295762,-1.689591176,0.29359264,0.742603331
Lance Bass,Lacey Schwimmer,Singer/Rapper,Mississippi,United States,29,7,3,10,1,0.8462,0,0,1,1,2,0.272446769,1.027537146,2.197401062,-0.022915022,-1.290041102,0.678349459,0.844148187
Kim Kardashian,Mark Ballas,TV Personality,California,United States,27,7,11,2,0.2,0.2308,1,2,0,0,1,-0.637396095,0.559572856,0.03572948,-0.726940162,-0.726940162,0.193236476,0.514024318
Rocco DiSpirito,Karina Smirnoff,TV Personality,New York,United States,41,7,9,4,0.4,0.3846,0,1,0,1,2,-1.046815352,0.589052941,-0.32862039,-0.251283442,-1.071043832,0.16222299,0.52904874
Brooke Burke,Derek Hough,TV Personality,Connecticut,United States,37,7,1,10,1,1,0,0,1,1,2,1.221127622,0.694508494,2.333204769,-0.082925805,-0.314005679,0.191968827,0.602202397
Gilles Marini,Cheryl Burke,Actor/Actress,,France,33,8,2,11,1,0.9231,0,0,1,1,1,0.968349351,0.686185544,1.906925178,-0.134417858,-1.742384611,0.191519747,0.601492166
Denise Richards,Maksim Chmerkoskiy,Actor/Actress,Illinois,United States,38,8,12,3,0.2727,0.1538,0,1,0,1,0,-0.329196217,0.517467148,0.162221421,-0.376803582,-0.753607164,0.033930254,0.568418341
David Alan Grier,Kym Johnson,Actor/Actress,Michigan,United States,52,8,9,5,0.4545,0.3846,0,1,0,1,1,-0.132730607,0.596138205,0.66033818,-0.004664244,-0.469430126,0.157466086,0.532343073
Lawrence Taylor,Edyta Sliwinska,Athlete,Virginia,United States,50,8,7,7,0.6364,0.5385,0,1,0,1,1,-0.671514626,0.682835306,0.165900379,-0.156788842,-1.10043415,0.185601151,0.61132211
Ty Murray,Chelsie Hightower,Athlete,Arizona,United States,39,8,4,10,0.9091,0.7692,0,1,0,1,1,-0.642426673,0.839085787,0.855209319,-0.115109958,-0.178590027,0.160814033,0.798183195
Shawn Johnson,Mark Ballas,Athlete,Iowa,United States,17,8,1,11,1,1,0,0,1,1,1,0.718295748,0.520541952,1.518777813,-0.051783583,-0.11459728,0.205682151,0.371745353
Steve Wozniak,Karina Smirnoff,Entrepreneur,California,United States,58,8,10,4,0.3636,0.3077,1,2,0,1,0,-1.572097314,0.545287286,-0.628608007,-0.140945419,-0.08158446,0.138975173,0.489775355
Belinda Carlisle,Jonathan Roberts,Singer/Rapper,California,United States,50,8,13,2,0.1818,0.0769,0,1,0,1,0,-0.556428003,0.323276596,-0.198101454,-0.144360008,-0.144360008,0.122819768,0.102077941
Chuck Wicks,Julianne Hough,Singer/Rapper,Delaware,United States,29,8,6,8,0.7273,0.6154,0,1,0,1,1,0.071978346,0.384309276,0.66033818,-0.03956332,-0.632390525,0.129488773,0.251200251
Lil' Kim,Derek Hough,Singer/Rapper,New York,United States,34,8,5,9,0.8182,0.6923,0,1,0,1,1,0.603284214,0.643260035,2.065591118,-0.06898715,-0.988143214,0.310071469,0.464447873
Steve-O,Lacey Schwimmer,TV Personality,,England,34,8,8,6,0.5455,0.4615,0,1,0,1,1,-1.27162373,0.590465257,-0.198101454,-0.148175422,-1.119455666,0.246938811,0.444505043
Holly Madison,Dmitry Chaplin,TV Personality,Oregon,United States,30,8,11,4,0.3636,0.2308,1,2,0,1,0,-0.655116898,0.364183707,-0.198101454,-0.262334813,-0.828149728,0.04738918,0.346380339
Melissa Rycroft,Tony Dovolani,TV Personality,Texas,United States,26,8,3,11,1,0.8462,0,0,1,1,1,0.533553203,0.98247365,1.743880277,-0.198845037,-2.12705846,0.141791944,0.962093556
Ashley Hamiliton,Edyta Sliwinska,Actor/Actress,California,United States,34,9,16,1,0.1,0.0625,1,2,0,0,0,-1.16910427,0.550166715,-0.618937555,0,0,0.302683414,0
Debi Mazar,Maksim Chmerkoskiy,Actor/Actress,New York,United States,45,9,12,3,0.3,0.3125,1,2,0,0,1,-0.618919216,0.317638901,-0.252141406,0,0,0.100894471,0
Melissa Joan Hart,Mark Ballas,Actor/Actress,New York,United States,33,9,9,6,0.6,0.5,1,2,0,0,2,-0.213557338,0.853972771,1.741976681,-0.016549815,-0.708929342,0.146595057,0.833831092
Mark Dacascos,Lacey Schwimmer,Actor/Actress,Hawaii,United States,45,9,6,7,0.7,0.6875,1,2,0,0,3,0.664766442,0,0.664766442,0,0,0,0
Chuck Liddell,Anna Trebunskaya,Athlete,California,United States,39,9,11,4,0.4,0.375,0,1,0,0,2,-0.820988388,0.355051605,-0.252141406,-0.11195296,-0.46981621,0.10180338,0.226760552
Natalie Coughlin,Alec Mazo,Athlete,California,United States,27,9,10,5,0.5,0.4375,0,1,0,0,2,0.297988632,0.317638901,0.664766442,0,0,0.100894471,0
Louie Vito,Chelsie Hightower,Athlete,Ohio,United States,21,9,8,6,0.6,0.5625,1,2,0,0,2,-0.605213573,0.777516007,0.97143673,-0.209940802,-1.259039722,0.308166102,0.637202784
Michael Irvin,Anna Demidova,Athlete,Florida,United States,43,9,7,7,0.7,0.625,1,2,0,0,3,-1.187574965,0.40387823,-0.515710623,0.019946534,0.41271035,0.17411821,0.229023252
Joanna Krupa,Derek Hough,Model,,Poland,30,9,4,9,0.9,0.8125,0,1,0,0,4,0.654797123,0.746025433,1.650273994,-0.026338335,-1.379644064,0.100835786,0.830313107
Kathy Ireland,Tony Dovolani,Model,California,United States,46,9,14,2,0.2,0.1875,0,1,0,0,1,-0.970624226,0.201571525,-0.618937555,0.030182279,0.030182279,0.050447236,0.021342094
Tom DeLay,Cheryl Burke,Politician,Texas,United States,62,9,13,3,0.3,0.25,1,2,0,0,1,-1.024863768,0.393791842,-0.431749658,-0.073813743,-0.147627487,0.19770916,0.09515002
Macy Gray,Jonathan Roberts,Singer/Rapper,Ohio,United States,42,9,15,1,0.1,0.125,1,2,0,0,0,-1.16910427,0.550166715,-0.618937555,0,0,0.302683414,0
Aaron Carter,Karina Smirnoff,Singer/Rapper,Florida,United States,21,9,5,8,0.8,0.75,0,1,0,0,4,0.413319361,0.945830747,1.911066172,-0.198405718,-1.850950224,0.13668684,0.93576335
Mya,Dmitry Chaplin,Singer/Rapper,Washington D.C.,United States,29,9,2,10,1,0.9375,0,0,1,0,4,1.120199822,0.847721736,2.374623118,-0.078783234,-0.541268262,0.457460774,0.658030638
Donny Osmond,Kym Johnson,Singer/Rapper,Utah,United States,51,9,1,10,1,1,0,0,1,0,4,0.460684741,0.906775373,2.264519547,-0.139201415,0.043237727,0.136941588,0.884143737
Kelly Osbourne,Louis van Amstel,TV Personality,,England,24,9,3,10,1,0.875,0,0,1,0,4,-0.196989004,0.752753255,1.214933157,-0.120564243,-2.413249994,0.141275868,0.709630606
Aiden Turner,Edyta Sliwinska,Actor/Actress,,England,32,10,9,4,0.4,0.2727,0,1,0,1,0,-0.639133877,0.571604352,0.223606798,0.005746448,-0.029906682,0.086169695,0.568104971
Shannen Doherty,Mark Ballas,Actor/Actress,Tennessee,United States,38,10,11,2,0.2,0.0909,0,1,0,1,0,-0.139162485,0.288512455,0.223606798,0.27832497,0.27832497,0.075,0.196805474
Niecy Nash,Louis van Amstel,Actor/Actress,California,United States,40,10,5,8,0.8,0.6364,0,1,0,1,0,-0.627725501,0.699246503,0.556649939,-0.221865201,-0.991165929,0.196151203,0.621339996
Buzz Aldrin,Ashly DelGrosso,Astronaut,New Jersey,United States,80,10,10,3,0.3,0.1818,0,1,0,1,0,-1.68002927,0.393057331,-1.113299879,-0.233991865,-0.467983729,0.142357715,0.252258541
Chad Ochocinco,Cheryl Burke,Athlete,Florida,United States,32,10,4,9,0.9,0.7273,0,1,0,1,0,-0.404596819,0.707362874,1.110664955,-0.073765967,-1.127238887,0.203516607,0.624036564
Evan Lysacek,Anna Trebunskaya,Athlete,Illinois,United States,24,10,2,10,1,0.9091,0,0,1,1,0,0.711151026,0.841208079,1.776604791,-0.150612895,-1.754720809,0.189262045,0.787308096
Pamela Anderson,Damian Whitewood,Model,,Canada,42,10,6,7,0.7,0.5455,0,1,0,1,0,0.207919273,0.57476173,1.391624848,-0.146200026,-0.983828768,0.239084826,0.425560634
Nicole Scherzinger,Derek Hough,Singer/Rapper,Hawaii,United States,31,10,1,10,1,1,0,0,1,1,0,1.28906004,0.677116398,2.382594605,-0.051039905,-0.493995409,0.484259087,0.365702274
Erin Andrews,Maksim Chmerkoskiy,Sports Broadcaster,Maine,United States,32,10,3,10,1,0.8182,0,0,1,1,0,0.194435992,0.625384982,1.443003321,-0.100045037,-1.091183416,0.18348457,0.533069153
Kate Gosselin,Tony Dovolani,TV Personality,Pennsylvania,United States,35,10,8,5,0.5,0.3636,0,1,0,1,0,-1.206322505,0.301171742,-0.27832497,-0.13867247,-0.611256747,0.058077919,0.239632126
Jake Pavelka,Chelsie Hightower,TV Personality,Texas,United States,32,10,7,6,0.6,0.4545,0,1,0,1,0,-0.138694882,0.590416269,0.556649939,-0.1949222,-1.419285766,0.097225518,0.563284836
David Hasselhoff,Kym Johnson,Actor/Actress,Maryland,United States,58,11,12,1,0.1,0.0833,0,1,0,0,0,-1.134921428,0,-1.134921428,0,0,0,0
Florence Henderson,Corky Ballas,Actor/Actress,Indiana,United States,76,11,8,5,0.5,0.4167,0,1,0,0,0,-0.497137053,0.369863331,0.271964147,-0.083104182,-0.296633621,0.142169922,0.202789946
Kyle Massey,Lacey Schwimmer,Actor/Actress,Georgia,United States,19,11,2,10,1,0.9167,0,0,1,0,0,0.120877537,0.896378432,1.47298313,-0.081195302,-1.354744806,0.614953119,0.613456089
Jennifer Grey,Derek Hough,Actor/Actress,New York,United States,50,11,1,10,1,1,0,0,1,0,0,0.978308462,0.571115807,2.033497449,-0.040777288,-0.272486982,0.08104403,0.540355191
Rick Fox,Cheryl Burke,Athlete,,Canada,41,11,6,7,0.7,0.5833,0,1,0,0,0,0.286266211,0.460781013,1.47298313,-0.132182076,-1.025134168,0.09354643,0.386479373
Kurt Warner,Anna Trebunskaya,Athlete,Iowa,United States,39,11,5,8,0.8,0.6667,0,1,0,0,0,-0.287847092,0.92212206,1.711909997,-0.16374956,-1.080590083,0.319970656,0.816342599
Margaret Cho,Louis van Amstel,Comedian,California,United States,41,11,10,3,0.3,0.25,0,1,0,0,0,-1.08618212,0.379606611,-0.625517537,-0.181592983,-0.363185967,0,0.438331958
Michael Bolton,Chelsie Hightower,Singer/Rapper,Connecticut,United States,57,11,11,2,0.2,0.1667,0,1,0,0,0,-1.63281758,1.080483032,-0.265619909,-1.57532665,-1.57532665,0.528684208,1.113924157
Brandy,Maksim Chmerkoskiy,Singer/Rapper,Mississippi,United States,31,11,4,9,0.9,0.75,0,1,0,0,0,0.976930432,0.49889423,1.827095338,0.046881709,-0.338061702,0.1390774,0.406356022
The Situation,Karina Smirnoff,TV Personality,New York,United States,28,11,9,4,0.4,0.3333,0,1,0,0,0,-0.979603033,0.423758567,-0.401931252,-0.090899108,-0.255728441,0.110589622,0.348100813
Audrina Patridge,Tony Dovolani,TV Personality,California,United States,25,11,7,6,0.6,0.5,0,1,0,0,0,0.621960239,0.625760709,1.790421033,-0.005557063,0.57314777,0.212070345,0.523574621
Bristol Palin,Mark Ballas,TV Personality,Alaska,United States,19,11,3,10,1,0.8333,0,0,1,0,0,-0.858238366,0.715962243,1.16944583,-0.124468279,-0.763347391,0.199000982,0.638578736
Ralph Macchio,Karina Smirnoff,Actor/Actress,New York,United States,49,12,4,9,0.9,0.7273,0,1,0,1,0,-0.094194519,1.154764305,2.162273118,-0.287469573,-2.67915817,0.299009529,1.087893127
Chelsea Kane,Mark Ballas,Actor/Actress,Arizona,United States,22,12,3,10,1,0.8182,0,0,1,1,0,0.666141744,0.777618698,1.805787796,0.084982812,-0.005534103,0.431418409,0.56963007
Kirstie Alley,Maksim Chmerkoskiy,Actor/Actress,Kansas,United States,60,12,2,10,1,0.9091,0,0,1,1,0,-0.182823905,0.832308504,1.521217461,-0.152629326,-2.497606203,0.357580979,0.672196632
Hines Ward,Kym Johnson,Athlete,,South Korea,35,12,1,10,1,1,0,0,1,1,0,0.764453501,0.548493088,2.162273118,-0.069691234,-0.005534103,0.249899281,0.340847294
Sugar Ray Leonard,Anna Trebunskaya,Athlete,North Carolina,United States,54,12,9,4,0.4,0.2727,0,1,0,1,0,-0.670445735,0.466844499,-0.134534559,-0.009725398,-0.192443496,0.247059026,0.216258446
Chris Jericho,Cheryl Burke,Athlete,New York,United States,40,12,7,6,0.6,0.4545,0,1,0,1,0,0.054667655,1.01709488,1.573982006,-0.26857106,-1.618392141,0.355028683,0.942544418
Petra Nemcova,Dmitry Chaplin,Model,,Czechoslovakia,31,12,8,5,0.5,0.3636,0,1,0,1,0,-0.100057418,0.870375363,1.883483823,-0.073341544,-0.683188286,0.257612066,0.818006986
Mike Catherwood,Lacey Schwimmer,Radio Personality,California,United States,32,12,11,2,0.2,0.0909,0,1,0,1,0,-1.329490551,0.656887875,-0.590243252,0.757086179,0.757086179,0.324434795,0.535340771
Romeo,Chelsie Hightower,Singer/Rapper,Louisiana,United States,21,12,5,8,0.8,0.6364,0,1,0,1,0,0.195438459,0.853764536,1.805787796,-0.057194951,-0.053376051,0.415208476,0.671880434
Wendy Williams,Tony Dovolani,TV Personality,New Jersey,United States,46,12,10,3,0.3,0.1818,0,1,0,1,0,-1.505988587,0.661552816,-0.590243252,-0.369043791,-0.738087582,0.216289863,0.606008505
Kendra Wilkinson,Louis van Amstel,TV Personality,California,United States,25,12,6,7,0.7,0.5455,0,1,0,1,0,-0.492563345,0.823505007,0.874474632,-0.077898468,-0.192262393,0.284303806,0.746650534
Elisabetta Canalis,Valentin Chmerkovskiy,Actor/Actress,,Italy,33,13,11,2,0.2,0.1667,0,1,0,0,0,-0.373119099,0.767700936,0.327692768,1.401623733,1.401623733,0,0.991097646
David Arquette,Kym Johnson,Actor/Actress,Virginia,United States,40,13,6,7,0.7,0.5833,0,1,0,0,0,-0.170784709,0.580035506,1.237436867,0.021246546,-0.504553214,0.167372732,0.493603839
Ricki Lake,Derek Hough,Actor/Actress,New York,United States,42,13,3,10,1,0.8333,0,0,1,0,0,0.852092758,0.794088124,2.339243216,-0.111762433,-1.100515629,0.193676701,0.730630588
J.R. Martinez,Karina Smirnoff,Actor/Actress,Louisiana,United States,28,13,1,10,1,1,0,0,1,0,0,0.77797113,1.008916142,2.298097039,-0.1286248,-1.364269181,0.708683933,0.753897601
Metta World Peace (Ron),Peta Murgatroyd,Athlete,New York,United States,31,13,12,1,0.1,0.0833,0,1,0,0,0,-1.422232899,0.603276647,-1.073930965,0,0,0.363942712,0
Hope Solo,Maksim Chmerkoskiy,Athlete,Washington,United States,30,13,4,9,0.9,0.75,0,1,0,0,0,-0.104551649,0.765397488,1.015880642,-0.142753783,-2.414801432,0.128843617,0.733498497
Chynna Phillips,Tony Dovolani,Singer/Rapper,California,United States,43,13,9,4,0.4,0.3333,0,1,0,0,0,0.451568068,0.91264901,2.060786446,-0.583977355,-2.131147566,0.201117837,0.916106961
Kristin Cavallari,Mark Ballas,TV Personality,Colorado,United States,24,13,10,3,0.3,0.25,0,1,0,0,0,0.404169116,0.574282901,1.679425437,-0.102158262,-0.204316523,0.324334372,0.339705896
Carson Kressley,Anna Trebunskaya,TV Personality,Pennsylvania,United States,41,13,8,5,0.5,0.4167,0,1,0,0,0,-0.874539414,0.691497562,0.11496025,-0.251538566,-1.213663162,0.307364858,0.549296194
Chaz Bono,Lacey Schwimmer,TV Personality,California,United States,42,13,7,6,0.6,0.5,0,1,0,0,0,-1.143027324,0.698129219,-0.029025161,-0.02227182,-0.793799082,0.193023609,0.630832868
Nancy Grace,Tristan MacManus,TV Personality,Georgia,United States,51,13,5,8,0.8,0.6667,0,1,0,0,0,-0.695978342,0.828615639,1.679425437,-0.1256508,-0.776594841,0.435866644,0.648001429
Rob Kardashian,Cheryl Burke,TV Personality,California,United States,24,13,2,10,1,0.9167,0,0,1,0,0,0.178419815,0.579807166,1.503720875,0.075225582,1.158652555,0.174231299,0.481682551
William Levy,Cheryl Burke,Actor/Actress,,Cuba,31,14,3,10,1,0.8333,0,0,1,1,1,0.501283213,0.850450814,2.30632802,-0.078210032,-0.892804484,0.58658157,0.585095739
Jack Wagner,Anna Trebunskaya,Actor/Actress,Missouri,United States,52,14,11,3,0.3,0.1667,0,1,0,1,0,-0.32405095,0.553474372,0.625543242,-0.47326969,-0.94653938,0.173913043,0.484285174
Sherri Sheperd,Valentin Chmerkovskiy,Actor/Actress,Illinois,United States,44,14,10,4,0.4,0.25,0,1,0,1,0,-0.313922864,0.659657458,0.625543242,-0.427116883,-1.116959795,0.203655122,0.592301219
Jaleel White,Kym Johnson,Actor/Actress,California,United States,35,14,7,7,0.7,0.5,0,1,0,1,0,0.130165803,0.898424629,1.876629727,-0.120784222,-1.850035304,0.407142684,0.761699076
Roshon Fegan,Chelsie Hightower,Actor/Actress,California,United States,20,14,6,8,0.8,0.5833,1,2,0,1,0,0.245161139,0.878484222,1.461412135,-0.083473975,0.260006871,0.533265748,0.662521955
Melissa Gilbert,Maksim Chmerkoskiy,Actor/Actress,California,United States,47,14,5,8,0.8,0.6667,1,2,0,1,0,-0.893892961,0.488021463,0.276483377,-0.044108607,-0.050644263,0.188340572,0.342563492
Martina Navratilova,Tony Dovolani,Athlete,,Czechoslovakia,55,14,12,2,0.2,0.0833,0,1,0,1,0,-1.367513956,0.672720499,-0.625543242,-0.649883772,-0.649883772,0.407310243,0.459537222
Donald Driver,Peta Murgatroyd,Athlete,Texas,United States,37,14,1,10,1,1,0,0,1,1,1,0.234474772,0.848004479,1.461412135,-0.040495288,0.358282,0.601663562,0.571578875
Gavin DeGraw,Karina Smirnoff,Singer/Rapper,New York,United States,35,14,9,5,0.5,0.3333,0,1,0,1,0,-0.792397897,0.676959391,0.276483377,-0.083122099,-0.577685207,0.243372131,0.57605808
Gladys Knight,Tristan MacManus,Singer/Rapper,Georgia,United States,67,14,8,6,0.6,0.4167,0,1,0,1,0,-0.894032445,0.801482991,0.625543242,-0.260977206,-1.877384636,0.398064346,0.639979301
Katherine Jenkins,Mark Ballas,Singer/Rapper,,Wales,31,14,2,10,1,0.9167,0,0,1,1,1,0.754378621,0.885439629,2.30632802,-0.174405001,-0.925078415,0.360764815,0.758184978
Maria Menounos,Derek Hough,TV Personality,Massachusetts,United States,33,14,4,9,0.9,0.75,0,1,0,1,1,0.40737603,1.006842654,2.069302345,0.016573506,1.353150117,0.77163649,0.720751303
Gilles Marini,Peta Murgatroyd,Actor/Actress,,France,36,15,6,8,0.8,0.6154,1,2,0,2,1,0.524792362,0.708256089,1.381402058,-0.18837236,-0.827126668,0.088651702,0.690512871
Sabrina Bryan,Louis van Amstel,Actor/Actress,California,United States,28,15,8,6,0.6,0.4615,0,1,0,1,1,0.675316118,0.597866517,1.85996222,0.040008722,0.458590393,0.044407136,0.589219883
Kirstie Alley,Maksim Chmerkoskiy,Actor/Actress,Kansas,United States,61,15,7,8,0.8,0.5385,1,2,0,2,1,-1.291230806,0.611059943,0.150755672,-0.096605756,-0.721455849,0.15839945,0.53915
Kelly Monaco,Valentin Chmerkovskiy,Actor/Actress,Pennsylvania,United States,36,15,3,10,1,0.8462,0,0,1,2,3,-0.14596131,0.853357013,1.164964745,-0.066898011,-0.180633146,0.166672829,0.813612279
Apolo Anton Ohno,Karina Smirnoff,Athlete,Washington,United States,30,15,5,9,0.9,0.6923,1,2,0,2,2,0.269549529,0.663621874,1.172438091,-0.00531224,0.013537585,0.319832993,0.481828674
Emmitt Smith,Cheryl Burke,Athlete,Florida,United States,43,15,4,9,0.9,0.7692,1,2,0,2,2,-0.036998325,0.839697962,2.051153887,-0.160006089,-2.640075035,0.229873644,0.787483572
Shawn Johnson,Derek Hough,Athlete,Iowa,United States,20,15,2,10,1,0.9231,0,0,1,2,3,0.488352323,1.137177308,2.176644655,-0.091004331,-1.041068536,1.285070196,0.678681236
Pamela Anderson,Tristan MacManus,Model,,Canada,45,15,13,1,0.1,0.0769,0,1,0,0,0,-2.06980074,0.41986487,-1.584982549,0,0,0.176286509,0
Helio Castroneves,Chelsie Hightower,Racing Driver,,Brazil,37,15,10,3,0.3,0.3077,1,2,0,0,0,0.088388652,0.29887816,0.596699313,0.020701857,0.041403714,0.112816224,0.079296798
Joey Fatone,Kym Johnson,Singer/Rapper,New York,United States,35,15,12,2,0.2,0.1538,0,1,0,0,0,-0.302716174,0.276462968,-0.130527975,0.140441794,0.140441794,0.088143254,0.099307345
Drew Lachey,Anna Trebunskaya,Singer/Rapper,Ohio,United States,36,15,11,3,0.3,0.2308,1,2,0,0,0,-0.32633641,0.474915068,0.596699313,-0.485138098,-0.970276196,0.05876217,0.49189795
Bristol Palin,Mark Ballas,TV Personality,Alaska,United States,21,15,9,4,0.4,0.3846,0,1,0,0,1,-1.535872757,0.579398499,-0.857755262,-0.0577854,-0.344243931,1.85E-32,0.65892763
Melissa Rycroft,Tony Dovolani,TV Personality,Texas,United States,29,15,1,10,1,1,0,0,1,2,3,0.623805634,0.489741314,1.579230879,0.071807878,0.886058318,0.09421267,0.435720741
Ingo Rademacher,Kym Johnson,Actor/Actress,,Germany,41,16,5,9,0.9,0.6667,0,1,0,1,0,-0.340517117,0.625752974,0.654476952,-0.170048007,-1.938219733,0.124873697,0.574927889
Zendaya,Valentin Chmerkovskiy,Actor/Actress,California,United States,16,16,2,10,1,0.9167,0,0,1,1,0,1.016600881,0.63812706,1.810714921,-0.14563305,-0.846829633,0.106960343,0.598447724
Dorothy Hamill,Tristan MacManus,Athlete,Illinois,United States,56,16,12,2,0.2,0.0833,0,1,0,1,0,-0.397047493,1.151887316,0.654476952,-2.103048889,-2.103048889,3.70E-32,1.487080131
Victor Ortiz,Lindsay Arnold,Athlete,Kansas,United States,26,16,8,6,0.6,0.4167,0,1,0,1,0,-0.668539643,0.69635044,0.71265473,-0.210685023,-1.145371309,0.059149558,0.708687623
Alexandra Raisman,Mark Ballas,Athlete,Massachusetts,United States,18,16,4,10,1,0.75,0,0,1,1,0,0.743241143,0.588958876,1.462124888,-0.052027966,-0.931788649,0.197935063,0.475340147
Jacoby Jones,Karina Smirnoff,Athlete,Louisiana,United States,28,16,3,10,1,0.8333,0,0,1,1,0,0.263680359,0.774348689,1.253227833,-0.140704826,-1.699791073,0.113744612,0.748182208
D. L. Hughley,Cheryl Burke,Comedian,Virginia,United States,50,16,9,5,0.5,0.3333,0,1,0,1,0,-1.370229552,0.705430136,-0.429197538,0.283238066,1.042306751,0.088103955,0.712144877
Andy Dick,Sharna Burgess,Comedian,South Carolina,United States,47,16,7,7,0.7,0.5,0,1,0,1,0,-0.909233907,0.653478706,0.181071492,-0.20779664,-1.259213962,0.120272626,0.617201192
Wynonna Judd,Tony Dovolani,Singer/Rapper,Kentucky,United States,48,16,11,3,0.3,0.1667,0,1,0,1,0,-0.907946498,0.619785407,-0.369921756,-0.67512288,-1.35024576,1.54E-33,0.715666543
Kellie Pickler,Derek Hough,Singer/Rapper,North Carolina,United States,26,16,1,10,1,1,0,0,1,1,0,0.916440023,0.559627652,2.100143021,-0.055468766,0.177569075,0.2656902,0.373596443
Lisa Vanderpump,Gleb Savchenko,TV Personality,,England,52,16,10,4,0.4,0.25,0,1,0,1,0,-0.612716136,0.485987152,-0.098286019,-0.240149017,-0.978984791,1.96E-32,0.537279012
Sean Lowe,Peta Murgatroyd,TV Personality,Texas,United States,29,16,6,8,0.8,0.5833,0,1,0,1,0,-0.392393503,0.635893937,0.654476952,-0.153845809,-1.638317555,0.123594122,0.59051226
Valerie Harper,Tristan MacManus,Actor/Actress,New York,United States,74,17,10,4,0.3636,0.25,0,1,0,1,0,-1.256456495,0.86397753,-0.094702745,-0.663506006,-1.919293227,0.130145438,0.892553478
Brant Daugherty,Peta Murgatroyd,Actor/Actress,Ohio,United States,28,17,7,8,0.7273,0.5,0,1,0,2,0,0.237554468,0.63470509,1.366749736,-0.012427824,-0.374042725,0.110340112,0.597619121
Elizabeth Berkley Lauren,Valentin Chmerkovskiy,Actor/Actress,Michigan,United States,39,17,6,9,0.8182,0.5833,0,1,0,2,0,0.389510366,0.801122368,1.556801569,-0.136095915,-0.087143558,0.188666209,0.744164283
Leah Remini,Tony Dovolani,Actor/Actress,New York,United States,43,17,5,10,0.9091,0.6667,0,1,0,2,0,-0.224724089,0.721275898,1.107823419,-0.052568288,-0.621045173,0.143542969,0.677828773
Corbin Bleu,Karina Smirnoff,Actor/Actress,New York,United States,24,17,2,11,1,0.9167,0,0,1,2,0,0.774086133,0.600651375,1.60422237,-0.021161405,-0.280677241,0.167146749,0.520996043
Amber Riley,Derek Hough,Actor/Actress,California,United States,27,17,1,11,1,1,0,0,1,2,0,0.759574292,0.849303378,1.698041841,-0.011291618,-0.369743862,0.528706532,0.627212141
Keyshawn Johnson,Sharna Burgess,Athlete,California,United States,41,17,12,2,0.1818,0.0833,0,1,0,1,0,-1.286603,0.317100827,-0.947027448,-0.110934636,-0.110934636,0.121076233,0.078442633
Bill Engvall,Emma Slater,Comedian,Texas,United States,56,17,4,11,1,0.75,0,0,1,2,0,-1.150139136,0.650076945,0.216131448,-0.137823796,-0.483944079,0.070248741,0.64080076
Christina Milian,Mark Ballas,Singer/Rapper,New Jersey,United States,31,17,9,5,0.4545,0.3333,0,1,0,1,0,0.546331916,0.54728205,1.60422237,0.037296844,0.589788233,0.254647684,0.370446819
"Nicole ""Snooki"" Polizzi",Sasha Farber,TV Personality,,Chile,25,17,8,7,0.6364,0.4167,0,1,0,2,0,0.096676027,0.526778592,1.008613423,-0.023814413,-0.898164014,0.108962031,0.472842778
Jack Osbourne,Cheryl Burke,TV Personality,,England,27,17,3,11,1,0.8333,0,0,1,2,0,0.212202961,0.567083758,1.428369157,-0.015004122,-0.759689713,0.156473795,0.485900128
Bill Nye,Tyne Stecklein,TV Personality,Washington D.C.,United States,57,17,11,3,0.2727,0.1667,0,1,0,1,0,-1.8815938,0.473057624,-1.342070318,0.093153282,0.186306564,0.25424474,0.210079224
Billy Dee Williams,Emma Slater,Actor/Actress,New York,United States,76,18,10,2,0.2,0.25,1,2,0,0,0,-2.245650464,0.128207088,-2.12861394,-0.234073048,-0.234073048,0,0.16551464
Danica McKellar,Valentin Chmerkovskiy,Actor/Actress,California,United States,39,18,6,8,0.8,0.5833,0,1,0,2,1,0.315871834,0.556552455,1.199269366,-0.078219032,-0.54473746,0.19078978,0.405302388
James Maslow,Peta Murgatroyd,Actor/Actress,New York,United States,23,18,4,10,1,0.75,0,0,1,2,1,0.1780211,0.812858289,1.585093802,-0.080142484,0.463212718,0.399417346,0.604588985
Candace Cameron Bure,Mark Ballas,Actor/Actress,California,United States,37,18,3,10,1,0.8333,0,0,1,2,1,-0.654897773,0.900487962,1.609439808,-0.147982098,-2.615191762,0.274120631,0.832508007
Sean Avery,Karina Smirnoff,Athlete,,Canada,33,18,11,2,0.2,0.1667,1,2,0,0,0,-0.479944069,0.355543926,-0.259587066,0.182294952,0.182294952,0.145552561,0.128901997
Diana Nyad,Henry Byalikov,Athlete,New York,United States,64,18,12,1,0.1,0.0833,0,1,0,0,0,-1.194100503,0,-1.194100503,0,0,0,0
Charlie White,Sharna Burgess,Athlete,Michigan,United States,26,18,5,9,0.9,0.6667,0,1,0,2,1,0.414072788,0.825211691,1.609439808,-0.136265954,-1.729825661,0.517917547,0.596819225
Amy Purdy,Derek Hough,Athlete,Nevada,United States,34,18,2,10,1,0.9167,0,0,1,2,1,0.578317461,0.463745139,1.546198072,0.01187465,-0.064171567,0.212642972,0.203951901
Meryl Davis,Maksim Chmerkoskiy,Athlete,Michigan,United States,27,18,1,10,1,1,0,0,1,2,1,0.890314784,0.89605035,2.110579412,-0.054354438,0.139454085,0.334374503,0.731246469
Drew Carey,Cheryl Burke,Comedian,Ohio,United States,55,18,8,6,0.6,0.4167,0,1,0,2,1,-0.958151442,0.973704168,0.904534034,-0.226754324,-0.79833793,0.347475077,0.848549279
Cody Simpson,Witney Carson,Singer/Rapper,,Australia,17,18,9,5,0.5,0.3333,0,1,0,2,1,-0.214656879,0.627528094,0.674926371,-0.16569537,-0.556872936,0.370587153,0.338895148
NeNe Leakes,Tony Dovolani,TV Personality,New York,United States,46,18,7,7,0.7,0.5,0,1,0,2,1,-0.591175449,0.663420932,0.244136538,-0.080990995,-0.942401336,0.263170556,0.483792604
Antonio Sabato Jr.,Cheryl Burke,Actor/Actress,,Italy,42,19,8,7,0.6364,0.4615,0,1,0,1,0,-0.593904683,0.581901959,0.562073743,-0.102322629,-0.147134204,0.167616501,0.469763578
Jonathan Bennett,Allison Holker,Actor/Actress,Ohio,United States,33,19,9,6,0.5455,0.3846,0,1,0,1,0,-0.379514743,0.683746275,0.715281698,-0.178414462,-0.434892838,0.123250233,0.653230514
Lea Thompson,Artem Chigvintsev,Actor/Actress,Minnesota,United States,53,19,6,9,0.8182,0.6154,0,1,0,1,0,0.448955389,0.761315854,1.788416456,-0.146945104,-0.903425872,0.121575957,0.728944297
Janel Parrish,Valentin Chmerkovskiy,Actor/Actress,Hawaii,United States,25,19,3,11,1,0.8462,0,0,1,1,0,0.681907091,0.677857007,1.788416456,-0.038254202,-0.179948095,0.247766472,0.538093433
Alfonso Ribeiro,Witney Carson,Actor/Actress,New York,United States,42,19,1,11,1,1,0,0,1,1,0,0.874405665,0.551523589,1.906519817,-0.020137359,-0.476706501,0.068108597,0.52038644
Lolo Jones,Keo Motsepe,Athlete,Iowa,United States,32,19,13,1,0.0909,0.0769,0,1,0,0,0,-1.398050591,0.488053187,-0.975384133,0,0,0.238195913,0
Randy Couture,Karina Smirnoff,Athlete,Washington,United States,51,19,11,3,0.2727,0.2308,0,1,0,0,0,-0.484604881,0.848142147,0.715281698,-0.898721306,-1.797442612,0.139724569,0.912090661
Tommy Chong,Peta Murgatroyd,Comedian,,Canada,76,19,5,10,0.9091,0.6923,0,1,0,1,0,-0.921375529,0.749185951,1.679611797,-0.183729648,-1.517954914,0.138350221,0.701969399
Betsey Johnson,Tony Dovolani,Fashion Designer,Connecticut,United States,72,19,10,4,0.3636,0.3077,0,1,0,0,0,-0.979124298,0.721889382,0.830152957,0.334869976,1.113610268,0.285625543,0.572829405
Michael Waltrip,Emma Slater,Racing Driver,Kentucky,United States,51,19,7,8,0.7273,0.5385,0,1,0,1,0,-1.258362492,0.509834255,-0.130051218,-0.037921438,-0.840441581,0.093516312,0.45565763
Tavis Smiley,Sharna Burgess,Radio Personality,Mississippi,United States,50,19,12,2,0.1818,0.1538,0,1,0,0,0,-0.291493479,0.485155841,0.715281698,-0.74555098,-0.74555098,0.089323467,0.527184154
Bethany Mota,Derek Hough,Social Media Personality,California,United States,18,19,4,11,1,0.7692,0,0,1,1,0,0.661506174,0.812220512,1.842618776,-0.128498113,-1.996049041,0.068182084,0.780199282
Sadie Robertson,Mark Ballas,TV Personality,Louisiana,United States,17,19,2,11,1,0.9231,0,0,1,1,0,0.430244682,0.658822249,1.906519817,-0.057952056,-0.84242284,0.275279207,0.489382179
Suzanne Somers,Tony Dovolani,Actor/Actress,California,United States,68,20,9,5,0.5,0.3333,0,1,0,1,0,-0.626807577,0.411610348,0.425685393,-0.12276593,-0.181924183,0.099667972,0.328254751
Willow Shields,Mark Ballas,Actor/Actress,New Mexico,United States,14,20,7,7,0.7,0.5,0,1,0,1,0,0.631925641,0.72025113,1.866272257,0.081400144,1.091226365,0.247262002,0.606013737
Riker Lynch,Allison Holker,Actor/Actress,Colorado,United States,23,20,2,10,1,0.9167,0,0,1,1,1,0.861850208,0.636666695,2.098077515,-0.044948196,-0.569949397,0.366088964,0.366127096
Rumer Willis,Valentin Chmerkovskiy,Actor/Actress,Kentucky,United States,26,20,1,10,1,1,0,0,1,1,1,0.720125335,0.737673538,1.583611922,-0.102759462,-0.853739659,0.296561021,0.585128121
Nastia Liukin,Derek Hough,Athlete,,Russia,25,20,4,9,0.9,0.75,0,1,0,1,1,0.970396579,0.574122303,1.977814142,-0.057377963,-0.218669247,0.331323248,0.28454168
Michael Sam,Peta Murgatroyd,Athlete,Texas,United States,25,20,10,4,0.4,0.25,0,1,0,1,0,-0.488710431,0.506270366,0.425685393,-0.211953787,-0.480195621,0.18994189,0.361172001
Robert Herjavec,Kym Johnson,Entrepreneur,,Croatia,52,20,6,8,0.8,0.5833,1,2,0,1,0,-0.483370254,0.778239947,0.870927053,-0.240642822,-1.490266688,0.150461067,0.735922994
Charlotte McKinney,Keo Motsepe,Model,Florida,United States,21,20,11,3,0.3,0.1667,0,1,0,1,0,-1.148702073,0.597221008,-0.255952418,-0.038799902,-0.077599803,0.360087523,0.292107546
Noah Galloway,Sharna Burgess,Motivational Speaker,Alabama,United States,33,20,3,10,1,0.8333,0,0,1,1,1,-0.49326974,0.726769607,1.401138888,-0.1299511,-1.272318431,0.222913152,0.621650443
Redfoo,Emma Slater,Singer/Rapper,California,United States,39,20,12,2,0.2,0.0833,0,1,0,1,0,-0.347673068,1.142315038,0.860930862,1.858766221,1.858766221,0.370693633,1.314346199
Patti LaBelle,Artem Chigvintsev,Singer/Rapper,Pennsylvania,United States,70,20,8,6,0.6,0.4167,0,1,0,1,0,-0.677691613,0.572920382,0.425685393,-0.052627186,-0.198067382,0.260091189,0.378670515
Chris Soules,Witney Carson,TV Personality,Iowa,United States,33,20,5,8,0.8,0.6667,1,2,0,1,0,-0.860082882,0.851196508,0.425685393,0.002705802,-0.672196447,0.293062404,0.742272155
Gary Busey,Anna Trebunskaya,Actor/Actress,Texas,United States,71,21,10,4,0.3636,0.3077,0,1,0,2,1,-1.338649975,0.451049465,-0.512989176,-0.249470432,-0.933458776,0.088863368,0.410177585
Alexa PenaVega,Mark Ballas,Actor/Actress,Florida,United States,27,21,6,9,0.8182,0.6154,1,2,0,3,1,0.37149478,0.878638973,1.310464128,-0.053673313,0.593332856,0.157757492,0.82829897
Carlos PenaVega,Witney Carson,Actor/Actress,Missouri,United States,26,21,4,11,1,0.7692,0,0,1,4,2,0.519033102,0.616804267,2.254885151,-0.013418461,-0.281638144,0.370692037,0.371594759
Victor Espinoza,Karina Smirnoff,Athlete,,Mexico,43,21,12,2,0.1818,0.1538,1,3,0,1,0,-0.866258958,0.380172679,-0.435396774,0.19582342,0.19582342,0.166284028,0.138468068
Alek Skarlatos,Lindsay Arnold,Military,California,United States,22,21,3,11,1,0.8462,0,0,1,4,2,-0.457944683,0.832796217,1.128576187,-0.2068078,-2.363144336,0.174033149,0.789158762
Chaka Khan,Keo Motsepe,Singer/Rapper,Illinois,United States,62,21,13,2,0.1818,0.0769,1,3,0,1,0,-1.676817173,0.376156554,-0.964170668,-0.513713471,-0.513713471,0.077904118,0.363250279
Andy Grammer,Allison Holker,Singer/Rapper,California,United States,31,21,7,8,0.7273,0.5385,0,1,0,3,1,0.137823533,0.719216075,0.912836494,-0.089066106,-1.657055729,0.182063162,0.669352937
Tamar Braxton,Valentin Chmerkovskiy,Singer/Rapper,Maryland,United States,38,21,5,9,0.8182,0.6923,1,2,0,3,1,0.177445285,0.924922524,1.562306072,-0.241885357,-2.241405297,0.119728182,0.925024187
Nick Carter,Sharna Burgess,Singer/Rapper,New York,United States,35,21,2,11,1,0.9231,0,0,1,4,2,0.493774462,0.815773593,1.784309118,-0.11130041,-0.509533029,0.040958809,0.848491324
Hayes Grier,Emma Slater,Social Media Personality,North Carolina,United States,15,21,8,7,0.6364,0.4615,0,1,0,3,1,0.058670391,0.65758041,1.06288036,-0.100909125,-0.047164145,0.194738089,0.56766791
Bindi Irwin,Derek Hough,TV Personality,,Australia,17,21,1,11,1,1,0,0,1,4,2,0.828773021,0.466458295,2.254885151,-0.016245001,-0.509533029,0.124071305,0.384025219
Kim Zolciak-Biermann,Tony Dovolani,TV Personality,Florida,United States,37,21,11,2,0.1818,0.2308,1,3,0,1,0,-1.208101286,0.51508945,-0.435396774,0.879508074,0.879508074,0.041571007,0.621906123
Paula Deen,Louis van Amstel,TV Personality,Georgia,United States,68,21,9,6,0.5455,0.3846,0,1,0,3,1,-1.499947859,0.529526255,-0.435396774,-0.171484626,-0.919768478,0.049377476,0.527107611
Mischa Barton,Artem Chigvintsev,Actor/Actress,,England,30,22,11,3,0.3,0.1667,0,1,0,1,0,-1.36500757,0.333249065,-0.501280412,-0.243538594,-0.487077189,0.082051282,0.256947408
Kim Fields,Sasha Farber,Actor/Actress,New York,United States,46,22,8,7,0.7,0.4167,1,2,0,2,0,-0.252615806,0.677708827,1.080865038,-0.12658785,-0.697154729,0.43640953,0.358801852
Jodie Sweetin,Keo Motsepe,Actor/Actress,California,United States,34,22,6,8,0.8,0.5833,0,1,0,2,1,0.093326496,1.001409163,1.371988681,-0.016481974,0.829543626,0.422062665,0.84931597
Doug Flutie,Karina Smirnoff,Athlete,Maryland,United States,53,22,9,6,0.6,0.3333,0,1,0,2,0,-1.063729099,0.766559427,0.417028828,-0.151131146,-0.338793402,0.145868172,0.755034739
Von Miller,Witney Carson,Athlete,Texas,United States,27,22,7,7,0.7,0.5,1,2,0,2,0,-0.244592776,0.608019471,1.217395286,-0.138978149,-0.983600679,0.342873654,0.405636173
Antonio Brown,Sharna Burgess,Athlete,Florida,United States,27,22,5,9,0.9,0.6667,1,2,0,2,1,-0.282658546,0.893025316,1.217395286,-0.115098514,-1.472229466,0.374177336,0.738932276
Paige VanZant,Mark Ballas,Athlete,Oregon,United States,22,22,2,10,1,0.9167,0,0,1,2,2,0.674179241,0.680096592,1.923018461,-0.01321166,0.641992552,0.397578472,0.45843575
Geraldo Rivera,Edyta Sliwinska,Journalist,New York,United States,72,22,12,2,0.2,0.0833,0,1,0,1,0,-2.009327151,0.471964726,-1.360618261,-0.15163398,-0.15163398,0.269816054,0.107221416
Nyle DiMarco,Peta Murgatroyd,Model,New York,United States,26,22,1,10,1,1,0,0,1,2,2,0.616971158,0.810461153,2.401922307,-0.097439934,-0.931049336,0.342889801,0.662920401
Ginger Zee,Valentin Chmerkovskiy,News Anchor,California,United States,35,22,3,10,1,0.8333,0,0,1,2,2,0.212672713,0.786194723,1.459600898,-0.127666989,-1.930899334,0.216421972,0.724845907
Wanya Morris,Lindsay Arnold,Singer/Rapper,Pennsylvania,United States,42,22,4,9,0.9,0.75,1,2,0,2,1,0.613651739,1.009109157,1.923018461,-0.129486378,0.276070362,0.284928866,0.960641108
Marla Maples,Tony Dovolani,TV Personality,Georgia,United States,52,22,10,4,0.4,0.25,0,1,0,1,0,-0.238170824,0.575839612,0.417028828,-0.424056271,-1.298704424,0.073369565,0.563475632
Jake T. Austin,Jenna Johnson,Actor/Actress,New York,United States,21,23,13,2,0.1818,0.0769,0,1,0,1,0,-0.928413303,0.412024508,-0.377299627,-0.012250649,-0.012250649,0.198008202,0.008662517
Maureen McCormick,Artem Chigvintsev,Actor/Actress,California,United States,60,23,8,7,0.6364,0.4615,0,1,0,2,1,-0.44125649,0.597794296,0.280361588,-0.037494334,0.239587974,0.199740345,0.463659171
Marilu Henner,Derek Hough,Actor/Actress,Illinois,United States,64,23,6,9,0.8182,0.6154,0,1,0,2,1,-0.293088089,0.814180343,0.763386285,-0.189930759,-1.36004911,0.190169776,0.765335652
Ryan Lochte,Cheryl Burke,Athlete,New York,United States,32,23,7,8,0.7273,0.5385,0,1,0,2,1,-0.691018365,0.409078966,0.278592633,-0.019209463,-0.258867006,0.174786375,0.1875663
Calvin Johnson Jr.,Lindsay Arnold,Athlete,Georgia,United States,30,23,3,11,1,0.8462,0,0,1,2,1,0.201918957,0.925207208,1.691908705,-0.084868811,0.008198099,0.293727896,0.843517167
Laurie Hernandez,Valentin Chmerkovskiy,Athlete,New Jersey,United States,16,23,1,11,1,1,0,0,1,2,1,0.93705067,0.744952297,1.930117124,-0.077766438,-0.750982333,0.250599128,0.647051013
Amber Rose,Maksim Chmerkoskiy,Model,Pennsylvania,United States,32,23,9,6,0.5455,0.3846,0,1,0,2,1,-0.699300359,0.503710314,0.278592633,-0.108475936,-0.970206389,0.061577935,0.491433784
Rick Perry,Emma Slater,Politician,Texas,United States,66,23,12,3,0.2727,0.1538,0,1,0,1,0,-1.416756203,0.502799727,-0.934538627,0.113136392,0.226272783,0.287153928,0.156723429
James Hinchcliffe,Sharna Burgess,Racing Driver,,Canada,29,23,2,11,1,0.9231,0,0,1,2,1,0.813062771,0.890506299,2.348880878,-0.100252172,-0.952099255,0.342846691,0.768278185
Babyface,Allison Holker,Singer/Rapper,Indiana,United States,57,23,11,4,0.3636,0.2308,1,2,0,1,0,-0.239833412,1.105035342,1.495261803,-0.73108855,-1.929969576,0.314369547,1.136368109
Vanilla Ice,Witney Carson,Singer/Rapper,Texas,United States,48,23,10,4,0.3636,0.3077,1,2,0,1,0,-0.490862344,0.82755606,0.712677074,-0.127084376,-0.118976243,0.558636113,0.519227349
Jana Kramer,Gleb Savchenko,Singer/Rapper,Michigan,United States,32,23,4,11,1,0.7692,0,0,1,2,1,0.166877181,0.983565087,1.802653775,-0.076388485,-1.973307334,0.466875591,0.786147333
Terra Jole,Sasha Farber,TV Personality,Texas,United States,36,23,5,10,0.9091,0.6923,0,1,0,2,1,0.20003195,0.891083983,1.495261803,-0.077057661,0.859634864,0.329012714,0.755893831
Charo,Keo Motsepe,Actor/Actress,,Spain,66,24,11,3,0.3,0.1667,0,1,0,1,0,-0.873276679,0.416049948,0.169030851,-0.096949982,-0.193899964,0.150317247,0.262492365
Mr. T,Kym Herjavec,Actor/Actress,Illinois,United States,64,24,10,4,0.4,0.25,0,1,0,1,0,-1.226199466,0.28297471,-0.845154255,-0.025960615,-0.166930648,0.085714286,0.119912772
Heather Morris,Maksim Chmerkoskiy,Actor/Actress,California,United States,30,24,8,6,0.6,0.4167,0,1,0,1,0,0.721670886,0.651587828,1.764626314,0.025383857,0.620424817,0.358248223,0.407220213
Nancy Kerrigan,Artem Chigvintsev,Athlete,Massachusetts,United States,47,24,7,7,0.7,0.5,1,2,0,1,0,0.352822848,0.476246236,1.764626314,-0.101942177,-0.659406597,0.098162143,0.411424248
Bonner Bolton,Sharna Burgess,Athlete,Texas,United States,29,24,5,8,0.8,0.6667,0,1,0,1,1,-0.805407817,0.798432023,1.183215957,-0.155680845,-0.847587249,0.442997588,0.571037978
Simone Biles,Sasha Farber,Athlete,Ohio,United States,20,24,4,9,0.9,0.75,0,1,0,1,1,0.799361541,0.541459489,1.764626314,-0.05189566,-0.471467661,0.182710418,0.408046489
David Ross,Lindsay Arnold,Athlete,Georgia,United States,40,24,2,10,1,0.9167,0,0,1,1,1,-0.597192325,0.830597029,0.806063872,-0.205731242,-1.928568626,0.2196489,0.751226748
Rashad Jennings,Emma Slater,Athlete,Virginia,United States,32,24,1,10,1,1,0,0,1,1,1,0.66109865,0.817204703,2.098077515,-0.054909614,-0.528534786,0.319052274,0.67646034
Chris Kattan,Witney Carson,Comedian,California,United States,46,24,12,2,0.2,0.0833,0,1,0,1,0,-1.574941231,0.535422467,-0.845154255,0.445388846,0.445388846,0.268333013,0.314937473
Erika Jayne,Gleb Savchenko,Singer/Rapper,Georgia,United States,45,24,9,5,0.5,0.3333,0,1,0,1,0,-0.387304904,0.474290302,0.169030851,-0.135219927,-0.223003022,0.147001039,0.359605594
Normani,Valentin Chmerkovskiy,Singer/Rapper,Georgia,United States,20,24,3,10,1,0.8333,0,0,1,1,1,0.826656973,0.74000841,1.764626314,-0.01562315,0.145857572,0.303100055,0.583663806
Nick Viall,Peta Murgatroyd,TV Personality,Wisconsin,United States,36,24,6,7,0.7,0.5833,1,2,0,1,0,-0.54933924,0.64013874,0.599760144,-0.045237862,-0.279251174,0.362284528,0.379474432
Sasha Pieterse,Gleb Savchenko,Actor/Actress,,South Africa,21,25,10,5,0.5,0.3077,0,1,0,2,1,-0.387616437,0.765485311,1.278724026,-0.227361255,-0.666597359,0.184448115,0.727957618
Frankie Muniz,Witney Carson,Actor/Actress,New Jersey,United States,31,25,3,10,1,0.8462,0,0,1,2,2,0.176810087,0.941577534,1.926389442,-0.07729168,-0.403963208,0.271787933,0.885001552
Jordan Fisher,Lindsay Arnold,Actor/Actress,Alabama,United States,23,25,1,10,1,1,0,0,1,2,2,1.178372689,0.717931704,2.607456256,-0.070512604,-0.623348135,0.349141142,0.564438472
Derek Fisher,Sharna Burgess,Athlete,Arkansas,United States,43,25,11,4,0.4,0.2308,0,1,0,2,1,-0.576193818,0.495586947,-0.145309548,-0.155420595,-0.650185581,0.212201968,0.334008467
Nikki Bella,Artem Chigvintsev,Athlete,California,United States,33,25,8,7,0.7,0.4615,1,2,0,2,1,-0.189656758,0.720033163,0.988104929,-0.113773543,-2.06204723,0.06117278,0.731873401
Terrell Owens,Cheryl Burke,Athlete,Alabama,United States,43,25,6,8,0.8,0.6154,0,1,0,2,2,-0.453662967,0.688272932,1.260252076,0.091454174,1.018750553,0.154450829,0.597536492
Victoria Arlen,Valentin Chmerkovskiy,Athlete,New Hamshire,United States,22,25,5,9,0.9,0.6923,0,1,0,2,2,0.177061583,0.734819607,1.149048519,-0.03536165,0.474611503,0.138585959,0.674879777
Barbara Corcoran,Keo Motsepe,Entrepreneur,New Jersey,United States,68,25,13,2,0.2,0.0769,1,2,0,1,0,-1.700121717,0.630302931,-1.278724026,-0.087185729,-0.087185729,0.493751724,0.06164962
Lindsey Stirling,Mark Ballas,Musician,California,United States,31,25,2,10,1,0.9231,0,0,1,2,2,0.818580011,0.768092451,2.121519407,-0.084657952,-0.623348135,0.228252088,0.700295689
Debbie Gibson,Alan Bersten,Singer/Rapper,New York,United States,47,25,12,2,0.2,0.1538,1,2,0,1,0,-0.377804826,0.502544546,-0.016606806,0.290619096,0.290619096,0.284016478,0.205498734
Nick Lachey,Peta Murgatroyd,Singer/Rapper,Kentucky,United States,43,25,9,6,0.6,0.3846,0,1,0,2,1,-1.044712247,0.754682713,-0.016606806,-0.302512187,-1.535026553,0.325333829,0.615687409
Drew Scott,Emma Slater,TV Personality,,Canada,39,25,4,10,1,0.7692,0,0,1,2,2,-0.576548378,0.848767758,0.820552724,-0.099655047,-0.412736111,0.305056589,0.725281696
Vanessa Lachey,Maksim Chmerkoskiy,TV Personality,,Philippines,36,25,7,7,0.7,0.5385,1,2,0,2,1,0.257434248,0.671324006,1.278724026,-0.18597542,-0.924985489,0.091799083,0.672940994
Jamie Anderson,Artem Chigvintsev,Athlete,California,United States,27,26,10,1,0.25,0.1,1,2,0,0,0,-1.167748416,0,-1.167748416,0,0,0,0
Johnny Damon,Emma Slater,Athlete,Kansas,United States,44,26,9,1,0.25,0.2,1,2,0,0,0,-1.167748416,0,-1.167748416,0,0,0,0
Kareem Abdul-Jabbar,Lindsay Arnold,Athlete,New York,United States,71,26,8,2,0.5,0.3,1,2,0,0,1,-1.436382154,0.615186502,-0.491367748,0.211077535,0.211077535,0.441482373,0.149254356
Arike Ogunbowale,Gleb Savchenko,Athlete,Wisconsin,United States,21,26,7,2,0.5,0.4,1,2,0,0,1,0.193726619,0.96425066,1.559558505,1.701843794,1.701843794,0.4673665,1.203385287
Jennie Finch Daigle,Keo Motsepe,Athlete,California,United States,37,26,6,3,0.75,0.5,1,3,0,0,2,0,0,0,0,0,0,0
Chris Mazdzer,Witney Carson,Athlete,Massachusetts,United States,29,26,5,3,0.75,0.6,1,3,0,0,2,0,0,0,0,0,0,0
Mirai Nagasu,Alan Bersten,Athlete,California,United States,25,26,4,3,0.75,0.7,1,3,0,0,2,0.704919045,0.800394429,2.243200589,-0.603531237,-1.207062473,0.229977396,0.711767429
Tonya Harding,Sasha Farber,Athlete,Oregon,United States,47,26,3,4,1,0.8,0,0,1,0,3,-0.049206051,0.967784839,1.167748416,-0.975697363,-3.28906876,0.229977396,1.361525868
Josh Norman,Sharna Burgess,Athlete,South Carolina,United States,30,26,2,4,1,0.9,0,0,1,0,3,0.32068073,0.827731504,1.167748416,-0.249704726,-0.499409452,0.038947208,0.945951874
Adam Rippon,Jenna Johnson,Athlete,Pennsylvania,United States,28,26,1,4,1,1,0,0,1,0,3,1.333290282,0.415492132,2.121320344,0.301897031,0.953571928,0.126118174,0.442736245
Juan Pablo Di Pace,Cheryl Burke,Actor/Actress,,Argentina,39,27,5,8,0.8889,0.6923,1,2,0,1,1,0.943676149,0.525072886,1.59401252,-0.029274238,0.199983236,0.138192855,0.443473821
Evanna Lynch,Keo Motsepe,Actor/Actress,,Ireland,27,27,3,9,1,0.8462,0,0,1,1,2,0.488606836,0.653335847,1.477993917,0.139130868,1.475447644,0.179308055,0.572658129
Nancy McKeon,Valentin Chmerkovskiy,Actor/Actress,New York,United States,52,27,11,3,0.3333,0.2308,0,1,0,0,0,-0.497792999,0.454221359,-0.040779544,-0.371359068,-0.742718135,0.115171811,0.399896961
John Schneider,Emma Slater,Actor/Actress,New York,United States,58,27,8,7,0.7778,0.4615,1,2,0,1,0,-0.643120582,0.666485198,0.489354523,-0.011775473,0.472380682,0.235362168,0.557224273
Milo Manheim,Witney Carson,Actor/Actress,California,United States,17,27,2,9,1,0.9231,0,0,1,1,2,0.814689627,0.608620984,1.758098146,0.008550512,0.768602222,0.26797191,0.44755878
Danelle Umstead,Artem Chigvintsev,Athlete,New Mexico,United States,46,27,12,2,0.2222,0.1538,0,1,0,0,0,-0.94773101,0.450122645,-0.57091361,-0.7536348,-0.7536348,0.040275965,0.532900278
Mary Lou Retton,Sasha Farber,Athlete,West Virginia,United States,50,27,9,6,0.6667,0.3846,0,1,0,1,0,0.088882474,0.437574758,0.982466611,-0.05223543,-0.509964781,0.096043323,0.374388257
DeMarcus Ware,Lindsay Arnold,Athlete,Alabama,United States,36,27,7,7,0.7778,0.5385,1,2,0,1,0,0.247627391,0.630687469,1.549622656,-0.181163957,-1.557487347,0.218649178,0.521442719
Nikki Glaser,Gleb Savchenko,Comedian,Ohio,United States,34,27,13,1,0.1111,0.0769,0,1,0,0,0,-0.747624966,0.306073046,-0.57091361,0,0,0.09368071,0
Bobby Bones,Sharna Burgess,Radio Personality,Arkansas,United States,38,27,1,9,1,1,0,0,1,1,2,-0.812500226,0.60029501,0.489354523,-0.127980441,-1.643488535,0.165572841,0.515949587
Tinashe,Brandon Armstrong,Singer/Rapper,Kentucky,United States,25,27,10,4,0.4444,0.3077,0,1,0,0,0,0.938986345,0.468399642,1.549622656,-0.184776182,-0.472277179,0.224366329,0.262138605
Alexis Ren,Alan Bersten,Social Media Personality,California,United States,21,27,4,9,1,0.7692,0,0,1,1,2,0.495246295,0.492134226,1.382189481,-0.081779528,-1.144288579,0.12551872,0.410170775
Joe Amabile,Jenna Johnson,TV Personality,Illinois,United States,32,27,6,8,0.8889,0.6154,1,2,0,1,1,-1.726014235,0.52038344,-0.374032969,0.083364784,0.722315464,0.143296411,0.432910015
Kate Flannery,Pasha Pashkov,Actor/Actress,Pennsylvania,United States,55,28,7,8,0.7273,0.5,0,1,0,3,1,0.074336159,0.673891397,1.032093693,-0.082197572,0.076978352,0.029815146,0.685921769
James Van Der Beek,Emma Slater,Actor/Actress,Connecticut,United States,42,28,5,10,0.9091,0.6667,0,1,0,3,1,0.485913347,0.790758613,1.468364425,-0.142696297,-2.882577987,0.095922368,0.793499326
Kel Mitchell,Witney Carson,Actor/Actress,Illinois,United States,41,28,2,11,1,0.9167,0,0,1,3,1,0.426744536,0.538435061,1.12450706,0.029668397,0.466821008,0.311322629,0.305467381
Ray Lewis,Cheryl Burke,Athlete,Florida,United States,44,28,11,2,0.1818,0.1667,1,2,0,1,0,-0.712761858,0.283614862,-0.453858095,-0.517807526,-0.517807526,0,0.366145213
Lamar Odom,Peta Murgatroyd,Athlete,New York,United States,39,28,10,4,0.3636,0.25,0,1,0,2,1,-1.807575364,0.755029543,-0.042295493,-0.004448407,0.001224544,0.665693371,0.093282875
Sailor Brinkley-Cook,Valentin Chmerkovskiy,Model,New York,United States,21,28,9,6,0.5455,0.3333,0,1,0,3,1,0.451523795,0.411647598,1.032093693,0.047707513,0.303853941,0.060008383,0.376855891
Sean Spicer,Lindsay Arnold,Politician,New York,United States,48,28,6,9,0.8182,0.5833,0,1,0,3,1,-1.643007994,0.54485755,-0.074743509,-0.141957052,-0.635769525,0.118945457,0.489458284
Mary Wilson,Brandon Armstrong,Singer/Rapper,Nevada,United States,75,28,12,2,0.1818,0.0833,1,2,0,1,0,-0.392391438,0.725144773,0.507253165,-1.158548366,-1.158548366,0.153955809,0.819217406
Lauren Alaina,Gleb Savchenko,Singer/Rapper,Georgia,United States,24,28,4,11,1,0.75,0,0,1,3,1,0.079262559,0.708264649,1.468364425,-0.123171164,-1.827623585,0.17442504,0.648568561
Ally Brooke,Sasha Farber,Singer/Rapper,Texas,United States,26,28,3,11,1,0.8333,0,0,1,3,1,0.755448686,0.572423367,1.767766953,0.079728025,1.133487675,0.151054033,0.506253805
Karamo Brown,Jenna Johnson,TV Personality,Texas,United States,38,28,8,7,0.6364,0.4167,0,1,0,3,1,-0.295430005,0.678777524,0.822178602,-0.092390691,-0.567883126,0.352253063,0.509730114
Hannah Brown,Alan Bersten,TV Personality,Alabama,United States,24,28,1,11,1,1,0,0,1,3,1,0.40395874,0.809023263,1.719100713,-0.146291455,-1.481327338,0.329028642,0.701182495
Anne Heche,Keo Motsepe,Actor/Actress,Ohio,United States,51,29,13,4,0.3636,0.2,0,1,0,1,0,-0.583763777,0.70190459,0.211288564,-0.501088691,-1.216429986,2.89E-34,0.775984721
Jesse Metcalfe,Sharna Burgess,Actor/Actress,California,United States,41,29,12,5,0.4545,0.2667,0,1,0,1,0,-0.324653692,0.990707338,1.257237114,-0.547033683,-1.828485776,0.235024676,0.97428468
Chrishell Stause,Gleb Savchenko,Actor/Actress,Kentucky,United States,39,29,8,8,0.7273,0.5333,0,1,0,1,1,-0.446109833,0.811121871,1.124323635,0.051314342,0.995435189,0.257586094,0.724100505
Skai Jackson,Alan Bersten,Actor/Actress,New York,United States,18,29,5,10,0.9091,0.7333,1,2,0,1,1,-0.068230417,1.266470331,3.194913806,-0.048727691,-1.739437369,0.141526011,1.271976381
Justina Machado,Sasha Farber,Actor/Actress,Illinois,United States,48,29,4,11,1,0.8,0,0,1,1,2,0.36197082,0.677922666,1.257237114,-0.077904225,-0.584736831,0.161948269,0.609471645
Charles Oakley,Emma Slater,Athlete,Ohio,United States,56,29,15,2,0.1818,0.0667,0,1,0,1,0,-1.563575463,0.138829097,-1.436842416,0.253466093,0.253466093,0,0.179227593
Veron Davis,Peta Murgatroyd,Athlete,Washington D.C.,United States,36,29,11,6,0.5455,0.3333,0,1,0,1,0,-0.381441739,0.700143244,1.124323635,-0.25449855,-1.041677013,0.200067746,0.628893027
Johnny Weir,Britt Stewart,Athlete,Pennsylvania,United States,36,29,6,10,0.9091,0.6667,1,2,0,1,1,0.450526091,0.799248678,2.000938923,-0.010174821,-0.788638833,0.067360645,0.79763405
Nev Schulman,Jenna Johnson,Producer,New York,United States,35,29,2,11,1,0.9333,0,0,1,1,2,0.911000287,0.45271609,1.690308509,-0.007634822,-0.267803986,0.088631431,0.391942511
AJ McLean,Cheryl Burke,Singer/Rapper,Florida,United States,42,29,7,9,0.8182,0.6,0,1,0,1,1,0.077805511,0.642387266,1.257237114,-0.123368669,-1.290885817,0.185480347,0.554923048
Nelly,Daniella Karagach,Singer/Rapper,Texas,United States,45,29,3,11,1,0.8667,0,0,1,1,2,-0.732753732,0.801784917,0.422577127,-0.135460626,-1.309473681,0.118303571,0.773925301
Kaitlyn Bristowe,Artem Chigvintsev,TV Personality,,Canada,35,29,1,11,1,1,0,0,1,1,2,0.745186987,0.811163688,2.604276879,-0.057555598,-0.267803986,0.379481604,0.650819321
Carole Baskin,Pasha Pashkov,TV Personality,Texas,United States,59,29,14,3,0.2727,0.1333,0,1,0,1,0,-1.768348176,0.877893169,-0.089802651,-0.151366329,-0.302732658,0.547776005,0.692689841
Monica Aldama,Valentin Chmerkovskiy,TV Personality,Alabama,United States,48,29,10,7,0.6364,0.4,1,2,0,1,0,0.013602119,1.009437094,1.1620871,-0.087925855,-2.218529919,0.252351468,0.967423393
Jeannie Mai,Brandon Armstrong,TV Personality,California,United States,41,29,9,7,0.6364,0.4667,1,2,0,1,0,-0.072831577,0.588720034,1.124323635,-0.064728599,-0.633865692,0.161495632,0.509405248
Martin Kove,Britt Stewart,Actor/Actress,New York,United States,75,30,15,2,0.2,0.0667,0,1,0,1,0,-2.61557901,0.469709026,-2.042914971,0.313896901,0.313896901,0.224553909,0.221958627
Brian Austin Green,Sharna Burgess,Actor/Actress,California,United States,48,30,13,4,0.4,0.2,1,2,0,1,0,-0.876735171,0.793335411,-0.097281665,-0.555094885,-1.716535159,0.260706196,0.724211376
Melora Hardin,Artem Chigvintsev,Actor/Actress,Texas,United States,54,30,6,9,0.9,0.6667,1,2,0,1,2,0.298379815,0.836315265,1.767897411,-0.095303846,-1.200233767,0.280183688,0.72923645
Matt James,Lindsay Arnold,Athlete,North Carolina,United States,29,30,12,4,0.4,0.2667,1,2,0,1,0,-0.650316722,0.603914275,-0.097281665,-0.26373804,-0.970344693,0.300687768,0.417960004
"Mike ""The Miz"" Mizanin",Witney Carson,Athlete,Ohio,United States,40,30,9,7,0.7,0.4667,0,1,0,1,1,-0.388084911,0.762257045,1.206501207,-0.228703241,-1.10456876,0.349961314,0.606580421
Suni Lee,Sasha Farber,Athlete,Minnesota,United States,18,30,5,9,0.9,0.7333,1,2,0,1,2,0.257105018,0.620776623,1.170945038,-0.073594853,-0.956645698,0.157075717,0.530470225
Iman Shumpert,Daniella Karagach,Athlete,Illinois,United States,31,30,1,10,1,1,0,0,1,1,3,-0.371329146,1.132020347,1.285714286,0.105071949,1.601490824,0.555024352,0.958051925
Cody Rigsby,Cheryl Burke,Fitness Instructor,California,United States,34,30,3,10,1,0.8667,0,0,1,1,3,-0.626967711,0.602114274,0.462250164,-0.033670484,-1.193712784,0.137771966,0.535434166
Melanie C,Gleb Savchenko,Singer/Rapper,,England,47,30,11,5,0.5,0.3333,0,1,0,1,1,0.515011064,0.506721474,1.459811895,-0.138494114,-0.330819479,0.24629441,0.311968096
Jimmie Allen,Emma Slater,Singer/Rapper,Delaware,United States,36,30,7,8,0.8,0.6,1,2,0,1,1,-0.202378437,0.964893705,1.285714286,-0.049902501,-1.138202073,0.600121631,0.756652349
Olivia Jade,Valentin Chmerkovskiy,Social Media Personality,California,United States,21,30,8,8,0.8,0.5333,1,2,0,1,1,0.425630278,0.825578784,2.126350752,-0.047080293,-0.808188677,0.254528648,0.730201214
JoJo Siwa,Jenna Johnson,Social Media Personality,Nebraska,United States,18,30,2,10,1,0.9333,0,0,1,1,3,1.049300847,0.403764676,1.84835164,-0.043001594,-0.344142481,0.115628593,0.276396509
Christine Chiu,Pasha Pashkov,TV Personality,,Taiwan China,38,30,14,3,0.3,0.1333,0,1,0,1,0,-0.12126859,0.356635917,0.875534987,-0.136461313,-0.272922625,0.078864353,0.265080814
Kenya Moore,Brandon Armstrong,TV Personality,Michigan,United States,50,30,10,6,0.6,0.4,0,1,0,1,1,-0.370322062,0.757510761,0.875534987,-0.239654546,-1.960555232,0.107018923,0.73329715
Amanda Kloots,Alan Bersten,TV Personality,Ohio,United States,39,30,4,10,1,0.8,0,0,1,1,3,0.667254436,0.805120636,1.507556723,-0.120433041,-1.133733877,0.301066511,0.664242534
Jason Lewis,Peta Murgatroyd,Actor/Actress,California,United States,51,31,16,1,0.1,0.0625,0,1,0,0,0,-1.298065215,0.510255864,-0.856170674,0,0,0.260361047,0
Cheryl Ladd,Louis van Amstel,Actor/Actress,South Dakota,United States,71,31,14,3,0.3,0.1875,0,1,0,0,0,-1.270526053,0.649197478,0.027618409,-0.336490576,-0.672981153,0.176366226,0.617326391
Selma Blair,Sasha Farber,Actor/Actress,Michigan,United States,50,31,12,5,0.5,0.3125,1,2,0,0,0,0.352060931,0.437730041,0.911407491,-0.02841186,-0.128239643,0,0.477005253
Joseph Baena,Daniella Karagach,Actor/Actress,California,United States,24,31,11,5,0.5,0.375,1,2,0,0,0,-0.562829997,0.535324484,0.878644851,-0.099835499,-0.515251572,0.122569708,0.474758369
Trevor Donovan,Emma Slater,Actor/Actress,California,United States,39,31,6,9,0.9,0.6875,1,2,0,0,2,-0.257189179,0.883295439,1.500354568,-0.0266634,-0.817872081,0.262284766,0.795017501
Daniel Durant,Britt Stewart,Actor/Actress,Michigan,United States,32,31,5,9,0.9,0.75,1,2,0,0,2,-0.104157952,0.795958428,1.309631067,-0.127728392,-1.446069872,0.321271937,0.64951668
Wayne Brady,Witney Carson,Comedian,Georgia,United States,50,31,3,10,1,0.875,0,0,1,0,3,0.651909424,0.830096061,1.972069555,-0.192162359,-2.132354762,0.160037236,0.783017707
Sam Champion,Cheryl Burke,News Anchor,Kentucky,United States,61,31,13,4,0.4,0.25,0,1,0,0,0,-1.026471167,0.685134268,0.154074243,-0.341611653,-0.934990772,0.261043968,0.570716425
Jessie James Decker,Alan Bersten,Singer/Rapper,,Italy,34,31,10,6,0.6,0.4375,0,1,0,0,1,-0.607248633,0.458762874,0.154074243,0.057841119,0.100673317,0.186923982,0.271663942
Jordin Sparks,Brandon Armstrong,Singer/Rapper,Arizona,United States,32,31,9,7,0.7,0.5,0,1,0,0,1,-0.042177034,0.674817556,1.222204281,-0.143431215,-1.121841023,0.310134396,0.490849753
Heidi D'Amelio,Artem Chigvintsev,Social Media Personality,Louisiana,United States,50,31,8,8,0.8,0.5625,1,2,0,0,1,0.17418205,0.618729676,1.222204281,-0.124657175,-0.850306071,0.105423446,0.577477769
Charli D'Amelio,Mark Ballas,Social Media Personality,Connecticut,United States,18,31,1,10,1,1,0,0,1,0,3,1.290547642,0.325710014,1.972069555,-0.05114624,-0.795196574,0.059216223,0.256087378
Teresa Giudice,Pasha Pashkov,TV Personality,New Jersey,United States,50,31,15,2,0.2,0.125,0,1,0,0,0,-1.07327123,0.443773573,-0.856170674,-0.434201113,-0.434201113,0.166913946,0.307026551
Vinny Guadagnino,Koko Iwasaki,TV Personality,New York,United States,34,31,7,8,0.8,0.625,1,2,0,0,1,-1.450962516,0.744050357,0.154074243,-0.167489505,-0.46511658,0.178905636,0.677922343
Shangela,Gleb Savchenko,TV Personality,Texas,United States,40,31,4,10,1,0.8125,0,0,1,0,3,0.191746004,0.54715918,1.113048013,-0.106402016,-1.911407491,0.091223439,0.498309375
Gabby Windey,Valentin Chmerkovskiy,TV Personality,Illinois,United States,31,31,2,10,1,0.9375,0,0,1,0,3,0.847898406,0.552047645,1.972069555,-0.06086231,0.088592509,0.081738269,0.511896241
Jamie Lynn Spears,Alan Bersten,Actor/Actress,Mississippi,United States,32,32,13,2,0.1818,0.1429,0,1,0,0,0,-0.537698814,0.327384076,-0.085907356,-0.21321271,-0.21321271,0.116928044,0.150764153
Mira Sorvino,Gleb Savchenko,Actor/Actress,New York,United States,55,32,10,5,0.4545,0.3571,0,1,0,0,0,-0.22296955,0.440740488,0.431092459,-0.242145265,-1.111943323,0.091953327,0.418400111
Barry Williams,Peta Murgatroyd,Actor/Actress,California,United States,68,32,7,8,0.7273,0.5714,0,1,0,0,0,-0.669130014,0.548220298,0.431092459,-0.299614507,-1.17917817,0.10169297,0.53174506
Alyson Hannigan,Sasha Farber,Actor/Actress,Washington D.C.,United States,49,32,5,11,1,0.7143,0,0,1,1,0,-0.820682118,0.748061233,1.20740686,-0.090128828,-0.814481705,0.196887042,0.676890389
Xochitl Gomez,Valentin Chmerkovskiy,Actor/Actress,California,United States,17,32,1,11,1,1,0,0,1,1,0,1.03223611,0.465762254,1.983512854,-0.041983801,0.199033579,0.088682622,0.415472815
Adrian Peterson,Britt Stewart,Athlete,Texas,United States,38,32,11,4,0.3636,0.2857,0,1,0,0,0,-0.480652563,0.634624842,0.431092459,-0.220040047,-0.714565814,0.052994756,0.660529774
Matt Walsh,Koko Iwasaki,Comedian,Illinois,United States,58,32,14,1,0.0909,0.0714,0,1,0,0,0,-1.293277376,0,-1.293277376,0,0,0,0
Tyson Beckford,Jenna Johnson,Model,New York,United States,52,32,12,3,0.2727,0.2143,0,1,0,0,0,-0.965329585,0.608009389,-0.085907356,-0.042829019,-0.085658038,0,0.72307229
Jason Mraz,Daniella Karagach,Singer/Rapper,Virginia,United States,46,32,2,11,1,0.9286,0,0,1,1,0,0.806425505,0.817427121,2.08552094,-0.153814708,-0.038138343,0.216531693,0.700292261
Lele Pons,Brandon Armstrong,Social Media Personality,,Venezuela,27,32,8,7,0.6364,0.5,0,1,0,0,0,0.358920565,0.52240203,1.293277376,-0.270155574,-0.655493353,0.191722731,0.402097549
Harry Jowsey,Rylee Arnold,TV Personality,,Australia,26,32,6,9,0.8182,0.6429,0,1,0,0,0,-1.247598585,0.563245422,0.215977836,-0.097892781,-0.097552364,0.07165574,0.542062696
Mauricio Umansky,Emma Slater,TV Personality,,Mexico,53,32,9,6,0.5455,0.4286,0,1,0,0,0,-0.971475093,0.668397769,0.215977836,-0.065568944,-0.545315763,0.23576534,0.562991306
Charity Lawson,Artem Chigvintsev,TV Personality,Georgia,United States,27,32,4,11,1,0.7857,0,0,1,1,0,0.71776602,0.502463553,2.155462294,-0.085448501,-1.300616332,0.121265037,0.427496456
Ariana Madix,Pasha Pashkov,TV Personality,Florida,United States,38,32,3,11,1,0.8571,0,0,1,1,0,1.096395672,0.54059313,1.810891086,0.036702933,-0.190880996,0.20148854,0.418328142
Tori Spelling,Pasha Pashkov,Actor/Actress,California,United States,51,33,12,2,0.2222,0.1538,1,2,0,1,0,-0.543723135,0.640498386,0.383482494,0.525005279,0.525005279,0.409436275,0.371234793
Eric Roberts,Britt Stewart,Actor/Actress,California,United States,68,33,10,3,0.3333,0.3077,1,2,0,1,1,-1.504177711,0.555889672,-0.613571991,0.134657896,0.269315793,0.40025954,0.154965379
Reginald VelJohnson,Emma Slater,Actor/Actress,New York,United States,74,33,10,3,0.3333,0.3077,1,2,0,1,1,-1.565083763,0.681958925,-0.403112887,-0.294198445,-0.58839689,0.56275954,0.300625076
Chandler Kinney,Brandon Armstrong,Actor/Actress,California,United States,24,33,3,9,1,0.8462,0,0,1,2,2,1.057283418,0.705100813,2.015564437,-0.035586757,-0.630471044,0.156052882,0.616426739
Dwight Howard ,Daniella Karagach,Athlete,Georgia,United States,38,33,6,7,0.7778,0.6154,0,1,0,1,2,-0.406561869,1.16942837,2.015564437,-0.304696147,-2.56158547,0.300632109,1.134846377
Danny Amendola,Witney Carson,Athlete,Texas,United States,39,33,5,9,1,0.6923,0,0,1,2,2,0.024871189,0.894781518,1.507556723,-0.229322814,-1.603311284,0.20530306,0.822309489
Stephen Nedoroscik,Rylee Arnold,Athlete,Florida,United States,26,33,4,9,1,0.7692,0,0,1,2,2,0.010648906,0.893968359,1.507556723,-0.144443177,-0.369789995,0.39502007,0.767315486
Ilona Maher,Alan Bersten,Athlete,California,United States,28,33,2,9,1,0.9231,0,0,1,2,2,-0.24784454,0.729678327,1.565247584,-0.044159515,-0.251540784,0.103403458,0.733269865
Anna Delvey,Ezra Sosa,Con artist,,Russia,33,33,12,2,0.2222,0.1538,1,2,0,1,0,-0.674518187,0.470044704,-0.403112887,-0.542810599,-0.542810599,0.165686275,0.383825056
Brooks Nader,Gleb Savchenko,Model,New York,United States,27,33,9,4,0.4444,0.3846,0,1,0,1,2,-0.058252654,0.406889736,0.702563319,0.06152871,0.101601542,0.095759448,0.349041222
Phaedra Parks,Val Chmerkovskiy,TV Personality,Georgia,United States,51,33,8,5,0.5556,0.4615,0,1,0,1,2,-0.249190879,0.606472344,0.806225775,-0.292106182,-1.118033989,0.180164389,0.552676725
Jenn Tran,Sasha Farber,TV Personality,Florida,United States,26,33,7,6,0.6667,0.5385,0,1,0,1,2,0.104238125,0.521531298,1.18378431,0.095486646,0.520865096,0.225854989,0.36042778
Joey Graziadei,Jenna Johnson,TV Personality,Louisiana,United States,29,33,1,9,1,1,0,0,1,2,2,0.890213621,0.59803294,1.690308509,-0.06117005,-0.369789995,0.327920503,0.374799932
Corey Feldman,Jenna Johnson,Actor/Actress,California,United States,54,34,13,2,0.1818,0.1429,1,2,0,1,0,-1.704172621,0.510496963,-0.809039835,-0.70532147,-0.70532147,0.222727273,0.498737595
Danielle Fishel,Pasha Pashkov,Actor/Actress,California,United States,44,34,8,8,0.7273,0.5,0,1,0,2,1,-0.255979359,0.522828164,0.487950036,-0.015561176,-0.457950394,0.156867699,0.395950997
Elaine Hendrix,Alan Bersten (Rashad Jennings week 9),Actor/Actress,Georgia,United States,55,34,5,11,1,0.7143,0,0,1,2,1,-0.181741734,0.647913722,1.086825967,-0.108857123,-1.20388494,0.107508485,0.585208677
Baron Davis,Britt Stewart,Athlete,California,United States,46,34,13,2,0.1818,0.1429,1,2,0,1,0,-0.779296799,0.027151553,-0.759468109,0.049571726,0.049571726,9.24E-33,0.035052504
Jordan Chiles,Ezra Sosa (Apolo Anton Ohno week 9),Athlete,Texas,United States,24,34,3,11,1,0.8571,0,0,1,2,1,0.438576887,0.679682946,1.69419809,-0.018656316,1.076301077,0.255464809,0.596444167
Andy Richter,Emma Slater/Kaitlyn Bristowe (week 9),Comedian,California,United States,59,34,7,9,0.8182,0.5714,0,1,0,2,1,-1.773968142,0.576433371,0.146868374,-0.061783218,-0.846272389,0.349986385,0.286148008
Robert Irwin,Witney Carson (Xoshitl Gomez week 9),Conservationist,,Australia,22,34,1,11,1,1,0,0,1,2,1,0.595866409,0.716498394,2.022599587,-0.039347234,-1.283398442,0.493960161,0.496226729
Hilaria Baldwin,Gleb Savchenko,Entrepreneur,New York,United States,41,34,11,4,0.3636,0.2857,0,1,0,1,1,0.453104446,0.600138544,1.146576418,-0.279671866,-0.862752674,0.317052519,0.397774489
Lauren Jauregui,Brandon Armstrong,Singer/Rapper,Florida,United States,29,34,12,3,0.2727,0.2143,0,1,0,1,1,-0.241708077,1.08683648,1.07871978,-1.061609827,-2.123219655,0.148484849,1.187643295
Scott Hoying,Rylee Arnold,Singer/Rapper,California,United States,34,34,10,6,0.5455,0.3571,0,1,0,2,1,-0.660666243,0.662857765,1.146576418,-0.086280189,-0.654810274,0.160611836,0.570314596
Alix Earle,Val Chmerkovskiy (Joey Graziadei week 9),Social media personality,Florida,United States,24,34,2,11,1,0.9286,0,0,1,2,1,0.634520899,0.528209198,1.505153389,-0.003025825,0.328634471,0.247778004,0.329255775
Jen Affleck,Jan Ravnik,TV Personality,Utah,United States,26,34,9,7,0.6364,0.4286,0,1,0,2,1,-0.282652225,0.750727138,1.69419809,-0.160815959,-0.746308536,0.292777339,0.660854994
Whitney Leavitt,Mark Ballas,TV Personality,Utah,United States,32,34,6,10,0.9091,0.6429,0,1,0,2,1,0.915958182,0.682000852,2.116477643,-0.076787528,-1.212597981,0.562781778,0.366901951
Dylan Efron,Daniella Karagach (Rumer Willis week 9),TV Personality,California,United States,33,34,4,11,1,0.7857,0,0,1,2,1,0.112301849,0.865694884,1.242447484,-0.035395364,0.408147972,0.422622537,0.719533749
