{
  "judge": {
    "target": "judge_score_z",
    "eval_mode": "holdout_season>25",
    "metrics": {
      "mae": 0.07785960482222475,
      "rmse": 0.1133841710754604,
      "r2": 0.9871440297495307
    }
  },
  "fan": {
    "target": "predicted_fan_vote",
    "eval_mode": "holdout_season>25",
    "metrics": {
      "mae": 0.049293039586250004,
      "rmse": 0.09221748604886836,
      "r2": 0.7903633563834884
    }
  },
  "divergence": {
    "target": "fanFavor",
    "eval_mode": "holdout_season>25",
    "metrics": {
      "mae": 0.2117515244996709,
      "rmse": 0.2707360513694531,
      "r2": 0.7623778279715901
    }
  }
}